ID;FR;EN;ZH;;;;;;;;;;;;;;;;;;;;;;;
CombatStartUniversel;Lancer le combat;Start the fight;开始战斗;;;;;;;;;;;;;;;;;;;;;;;
TutoContinue;Continuer;Continue;继续;;;;;;;;;;;;;;;;;;;;;;;
TutoAutel1;"les trois sorts de base, on débloquera d'autres par la suite achetables contre de l'essence";"the three basic spells, we’ll unlock others later purchasable with souls crystal";三个基本咒语，其他咒语将在以后解锁，可用灵魂水晶购买;;;;;;;;;;;;;;;;;;;;;;;
TutoAutel2;"le nombre d'essence qu'on as actuellement sur sois, récupérable en tuant des adversaires";"the number of souls crytals you currently have on you, recoverable by killing opponents";当前身上的灵魂水晶数量，可通过击杀对手恢复;;;;;;;;;;;;;;;;;;;;;;;
TutoAutel3;la description de la compétence sélectionné;the description of the selected skill;所选技能的描述;;;;;;;;;;;;;;;;;;;;;;;
TutoAutel4;"les stats actuelle, et les modifications apportées par la compétence";"current stats, and changes made by the skill";当前状态，以及技能带来的变化;;;;;;;;;;;;;;;;;;;;;;;
TutoAutel5;le cout en essence d'une compétence pour la debloquer;the cost of a skill to unlock it;解锁技能所需的费用;;;;;;;;;;;;;;;;;;;;;;;
TutoAutel6;le bouton d'achat;the buy button;购买按钮;;;;;;;;;;;;;;;;;;;;;;;
TutoQ1;"En voilà encore un! Décidément, c’est une journée chargée. J’espère que celui-ci ne posera pas problème…";Here comes another one ! Look like it will be a long day... I hope that one will not be a problem...;又来了一个 看来今天会很漫长... 我希望这个不会有问题...;;;;;;;;;;;;;;;;;;;;;;;
TutoQ1R1;[ reprendre vos esprits ];[Come back to your sense];[回过神来];;;;;;;;;;;;;;;;;;;;;;;
TutoQ2;"Tu m’as l’air d’être dans un piteux état, ta mort semble avoir été violente, laisse moi arranger ?a.";"You seems to be in a deplorable state, your death must have been violent, let me help you";你的情况很糟糕 你一定是死于暴力，让我来帮你吧;;;;;;;;;;;;;;;;;;;;;;;
TutoQ2R1;Mort!? On est où!? Et t’es qui au juste!?;Death ?! Where are we ?! And who are you !;死亡 我们在哪儿 你又是谁;;;;;;;;;;;;;;;;;;;;;;;
TutoQ3;"Morts, nous le sommes tous. Et pour te répondre: je suis l’observateur qui t’a été attribué.";"Dead, we are all here, so are you, and to answer your question, i am the observer that has been atributed to you";死神，我们都在这里，你也在这里，回答你的问题，我就是你的观察者;;;;;;;;;;;;;;;;;;;;;;;
TutoQ3R1;"Donc je suis mort, toi aussi, et tu es là pour me chaperonner, c’est ?a?";"So...I am dead, you too, and you are here to chaperone me, is that right ?";所以......我死了，你也死了，你是来陪我的，对吗？;;;;;;;;;;;;;;;;;;;;;;;
TutoQ4;"Pas vraiment. Je suis là pour suivre ton parcours mais je dois rester neutre, c’est mon r?le.
";"Not really, i am here to follow your journey, but i must stay neutral, that is my role";不尽然，我是来追随你的旅程的，但我必须保持中立，这是我的职责所在;;;;;;;;;;;;;;;;;;;;;;;
TutoQ4R1;"Neutre? Tu viens de dire que tu allais m’aider, ?a ne fait aucun sens!";Neutral ? But you said you where gonne help me ? That doesnt make any sense !;中立？可你说你会帮我？这说不通啊！;;;;;;;;;;;;;;;;;;;;;;;
TutoQ5;"Je vais “arranger ?a”, pas t’aider. C’est d’ailleurs la première et dernière fois, ensuite tu devras t’en sortir seul.";"I will ""arrange that"", not help you. It will be the first and last time, then you will be on your own,";我会 "安排"，而不是帮你。这将是第一次，也是最后一次，然后你就得靠自己了、;;;;;;;;;;;;;;;;;;;;;;;
TutoQ5R1;"Mais m’arranger quoi à la fin!?
";But arrange what ?!;安排什么;;;;;;;;;;;;;;;;;;;;;;;
TutoQ6;"Cette lumière intérieure, cette Radiance, est la seule chose qui te permet de prendre forme ici. Comment te sens tu à présent?";"That light into you, it's your radiance, it's the only thing that allow you to have a substance here, how are you feeling now ?";你身上的光是你的光芒 是你在这里唯一的物质 你现在感觉怎么样？;;;;;;;;;;;;;;;;;;;;;;;
TutoQ6R1;Mieux… enfin je crois.;Better...I think.;好多了......我想。;;;;;;;;;;;;;;;;;;;;;;;
TutoQ7;"Tu dois y faire attention, sinon ton ame retournera dans le grand cycle et qui sait combien de temps tu y resteras.";"You will have to take care of it, or your soul will return to the great cycle, and who knows how many time you will stay there.";你得好好照顾它 否则你的灵魂会回到大轮回 谁知道你会在那里呆上多少时间呢;;;;;;;;;;;;;;;;;;;;;;;
TutoQ7R1;"Pour rester mort, je ne dois pas mourir à nouveau. C’est bien joli mais dans quel but exactement?
";"To stay dead, i must not die again...It's cute but what is the goal of that ?";为了不死，我就不能再死......这很可爱，但这样做的目的是什么？;;;;;;;;;;;;;;;;;;;;;;;
TutoQ8;"Ce but, à toi de le trouver; chacun doit traverser le Passage à sa manière. Si je ne peux te guider, je peux cependant te montrer. Prends ?a et suis moi.
";"That goal, it's you who must find it, each person must cross the path with he's own way. If i can't guide you, i can however show you. Take that and follow me";这个目标必须由你自己去寻找，每个人都必须以自己的方式穿过这条路。如果我不能指引你，但我可以告诉你。带着它跟我来吧;;;;;;;;;;;;;;;;;;;;;;;
TutoQ8R1;"Si je suis mort, à quoi pourrait bien me servir un vieux parchemin?
";"If i am dead, what use do I have in an old parchment ?";如果我死了，一张旧羊皮纸还有什么用？;;;;;;;;;;;;;;;;;;;;;;;
TutoQ9;"Ce “vieux parchemin” te permettra de ne pas te perdre sur le chemin de ta prochaine vie. Avance jusqu’à la prochaine étape, je dois encore te montrer certaines choses.
";"That ""old parchment"" will allow you to not be lost on the way to your next life. Move to the next stage, I must still show you a few things.";那张 "旧羊皮纸 "会让你在通往下辈子的路上不再迷失方向。进入下一阶段，我还必须告诉你一些事情。;;;;;;;;;;;;;;;;;;;;;;;
TutoQ10;"En ce lieu, tu rencontreras d’autres ames errantes. Si je te recommande de trouver des solutions pacifiques, tu peux également confronter ta Force d'ame à la leur.";"In this place, you will meet other wandering souls. I recommend you to find pacific solution with them, but you can also confront your ""fortitude/ soul strengh"" with them";在这个地方，你会遇到其他的游魂。我建议你与他们和平相处，但你也可以与他们对抗你的 "毅力/灵魂力量"。;;;;;;;;;;;;;;;;;;;;;;;
TutoQ10R1;"Confronter nos ames ? Si tu parles d’un combat, qu’adviendrait-il du perdant ?
";"Confront our souls ? If you talk about a fight, what happend to the looser ?";对抗我们的灵魂？如果你说的是一场战斗，那么失败者会怎样？;;;;;;;;;;;;;;;;;;;;;;;
TutoQ11;"Exactement comme un combat, oui. Souhaites-tu voir ce qui arriverait à cette ame errante en cas de défaite ?";"Just like a fight yes, do you wish to see what will happend to this soul if it where defeated ?";就像打架一样，是的，你想看看如果这个灵魂被打败了会怎么样吗？;;;;;;;;;;;;;;;;;;;;;;;
TutoQ11R1;"Si je t’ai posé la question, ce n’est pas pour rien. Vas y, montre moi !
";"If i asked you, it's for a reason, come on show me !";如果我问你，那是有原因的，来吧，给我看看！;;;;;;;;;;;;;;;;;;;;;;;
TutoQ11R2;"Euh, attends, explique moi d’abord ce que tu comptes faire.
";Wait...Explain to me first what you are going to do;等等......先给我解释一下你要做什么？;;;;;;;;;;;;;;;;;;;;;;;
TutoQ12;"La patience ne semble pas être ta plus grande qualité… Ici comme dans tes précédentes vies, tes choix ont des conséquences, tu devrais faire attention.";"Patience does not seems to be one of your qualities...Here like in your past lifes, your choices have consequences, you will have to take care.";耐心似乎不是你的特质之一......在这里，就像你过去的生活一样，你的选择会带来后果，你必须小心。;;;;;;;;;;;;;;;;;;;;;;;
TutoQ12R1;Des conséquences ?;Consequences ? Like what ?;后果？什么后果？;;;;;;;;;;;;;;;;;;;;;;;
TutoQ13;"Rester dans ce lieu doit te permettre de devenir meilleur, tu dois faire attention et prendre Conscience des conséquences de tes actes passés comme futures.
";"Staying in this place allow you to grow better, you must take care and realise the consequences of your past action, just like the future one.";呆在这个地方能让你更好地成长，你必须小心谨慎，并意识到你过去的行为所带来的后果，就像你将来的行为一样。;;;;;;;;;;;;;;;;;;;;;;;
TutoQ13R1;"Pas la peine de me sermonner, j’assume pleinement mes actes et mes paroles.
";"No need to lecture me, I stand by every act and word of mine.";没必要对我说教，我坚持我的一言一行。;;;;;;;;;;;;;;;;;;;;;;;
TutoQ14;"Alors tu assumeras également leurs conséquences sur ce qu’il reste de ton ame.
";So you will also shoulder the consequences on what is left of your soul;所以，你也要承担你的灵魂所剩无几的后果。;;;;;;;;;;;;;;;;;;;;;;;
TutoQ14R1;"Mes actes seront donc observés et jugés ?
";My actions will be judged and observed ?;我的行为会受到审判和监督？;;;;;;;;;;;;;;;;;;;;;;;
TutoQ15;"Tu fais preuve de discernement, c’est tout à ton honneur. Les choix que nous faisons ont toujours des conséquences, cette vérité semble évidente pour toi.";"You seems to have some discernment, it's will be useful here. The choice that we make always have consequences, this truth seems obvious enough for you.";你似乎有一些辨别力，这在这里会很有用。我们所做的选择总是有后果的，这个道理对你来说似乎很明显。;;;;;;;;;;;;;;;;;;;;;;;
TutoQ15R1;"Tu sembles surpris. Pourtant ?a ne me semble pas si compliqué.
";You seems surprised. It's not a concept so hard to grasp.;你似乎很惊讶。这并不是一个很难理解的概念。;;;;;;;;;;;;;;;;;;;;;;;
TutoQ16;"Très peu d’ames réussissent à prendre si rapidement Conscience des implications qu’ont leurs actes en ces lieux, c’est assez rare pour être souligné.";"Very few souls become conscious  of the consequences of the actions they do in this place so quickly, it's rare enough to be noted (a mieux traduire)";很少有灵魂能这么快就意识到他们在这里所做行为的后果，这一点非常罕见，值得注意。;;;;;;;;;;;;;;;;;;;;;;;
TutoQ16R1;"Tu es donc là pour me guider et veiller à ce que j’agisse avec clairvoyance ?
";"So you are here to guide me, and be sure I act with perspicacity ?";那么你是来指导我，确保我的行为是明智的？;;;;;;;;;;;;;;;;;;;;;;;
TutoQ17;"e suis surtout là pour te montrer la réalité de ce Passage. Tu as fait un choix empreint de bonté, mais tu ne pourras pas toujours éviter de te salir les mains, c’est ainsi.";"I am here to show you the truth about this passage. You did a kind gesture, but you will not always be able to not dirty your hand, this is how it is here.";我是来告诉你这段话的真相的。你做了一个善意的举动，但你不可能永远不弄脏你的手，这里就是这样。;;;;;;;;;;;;;;;;;;;;;;;
TutoQ17R1;"Je vois. Faire les bons choix ne sera pas suffisant, c’est ce que tu essayes de m’expliquer ?
";"I see... Do the right choice will not always be enough, is that's what you are trying to tell me ?";我明白了 做正确的选择并不总是足够的，这就是你想告诉我的吗？;;;;;;;;;;;;;;;;;;;;;;;
TutoQ18;"Tu auras la réponse à ta question en temps voulu. En attendant, tu vois ce qu’il reste de cette pauvre ame errante?";"You will have your answer in due time. Meanwhile, do you see what is left of this poor wandering souls ?";你会在适当的时候得到答案的 同时，你看到这些可怜的游魂还剩下什么了吗？;;;;;;;;;;;;;;;;;;;;;;;
TutoQ18R1;Tu parles de ces cristaux ?;Are you talking about those crystal ? What about it ?;你是在说那些水晶吗？是什么？;;;;;;;;;;;;;;;;;;;;;;;
TutoQ19;"Ces “cristaux”, c’est ce qu’il reste d’une ame une fois réduite à son état primaire : son Essence. Prends les et garde les avec le plus grand respect, n’oublie pas d’où ils viennent.";"Those ""Crystal"" is what is left of a souls once it's reduced to it's primal form, the essence. Take it and keep them with utmost respect, do not forget where they come from.";那些 "水晶 "是灵魂还原到最原始的形态后剩下的东西，也就是灵魂的本质。拿着它，以最崇高的敬意保存它们，不要忘记它们来自何方。;;;;;;;;;;;;;;;;;;;;;;;
TutoQ19R1;[ prendre les cristaux d’Essence ];Take the souls crystal;拿走灵魂水晶;;;;;;;;;;;;;;;;;;;;;;;
TutoQ20;"Cependant, tu ne vas pas garder ces cristaux éternellement. Avan?ons, que je puisse te montrer comment rendre un dernier hommage à ces ame fragmentées.";"Nontheless, you will not keep them eternally. Let's move on, so I can show you how to make a last tribute to those fragmented souls.";尽管如此，你也无法永远保存它们。让我们继续前进，让我来教你们如何向那些支离破碎的灵魂致以最后的敬意。;;;;;;;;;;;;;;;;;;;;;;;
TutoQ21;Ces Autels étaient là bien avant nous et tout ce que l’on sait à leur sujet c’est qu’elles permettent de renvoyer dans le grand cycle les fragments d’ame contenus dans les cristaux.;"These altars where there long before us, and all we know about them is that they allow to bring back into the great cycle the souls contained into the crystals";这些祭坛早在我们之前就存在了，我们只知道它们能让水晶中的灵魂回到大轮回中去;;;;;;;;;;;;;;;;;;;;;;;
TutoQ22;"En échange, cette statue a la faculté de raviver ta mémoire. Pour le moment, tu n’es que l’ombre de tes existences passées. Il est temps de récupérer la force qui était tienne.";"In exchange, this statue has the abilities to revive some of your memories. For now you are naught but a shadow of your path existence. It's time for you to bring back the strengh that was yours.";;;;;;;;;;;;;;;;;;;;;;;;
TutoQ23;"Parfait ! Prends le temps qu’il te faut, explore ta mémoire. Tu n’auras qu’à me dire quand tu seras prêt.
";Perfect ! Take all the time you need to explore your memories. Just tell me when you are ready.;完美 ！你可以尽情探索你的记忆。准备好了就告诉我。;;;;;;;;;;;;;;;;;;;;;;;
TutoQ23R1;Je suis prêt !;I am ready !;我准备好了！;;;;;;;;;;;;;;;;;;;;;;;
TutoQ24;"Ha ! J’apprécie ton enthousiasme, tu me plais ! Mais avant de partir, prends ces nouvelles aptitudes avec toi.
";"Ha ! I appreciate your enthusiasm, I like you ! But before you go, keep those new abilities with you,";哈！我很欣赏你的热情 我喜欢你 但是在你走之前 把这些新能力带在身边;;;;;;;;;;;;;;;;;;;;;;;
TutoQ24R1;C’est fait ! On peut y aller ?;It's done ! Can we go now ?;搞定了 我们可以走了吗？;;;;;;;;;;;;;;;;;;;;;;;
TutoQ25;Tu vas avoir l’occasion de retrouver tes sensations : j’ai l’impression que quelqu’un t’attend avec impatience et a hate de régler ses comptes avec toi.;"Don't worry, you will have the occasion to find again your sense : It seems that someone here is waiting for you impatiently, he seems to want to have a word with you...";别担心，你会有机会重新找回你的感觉的：这里似乎有人在等你等得不耐烦了，他似乎想和你说几句话......;;;;;;;;;;;;;;;;;;;;;;;
TutoQ26;"Certaines ames errantes ont un lien particulier avec toi et tes vies passées. Ce sera l’occasion de vous expliquer et faire table rase du passé… Enfin, si tu y mets un peu du tiens.
";Some wandering souls have a connection with you and your past lifes. It will be an occasion to explain yourself and make anew of the past...If you do your part.;有些游魂与你和你的前世有关。这将是一个解释自己、重新认识过去的机会......只要你做好自己的本分。;;;;;;;;;;;;;;;;;;;;;;;
TutoQ26R1;Je n’ai aucune idée de qui est cet homme… Eh toi ! Tu me veux quoi au juste ?;I have no idea who this man is... Hey you ! What do you want from me ?!;我不知道这个人是谁... 喂 你想从我这儿得到什么？;;;;;;;;;;;;;;;;;;;;;;;
TutoQ27;"J’imagine que c’est ta fa?on d’aborder une discussion calme… Mais je doute qu’il soit en état de te répondre, il a l’air mal en point.
";"I suppose this is your idea of how to have a calm discussion...But I doubt he will be able to answer you, he seems to be in very poor shape.";我想这就是你所说的冷静讨论吧......但我怀疑他能不能回答你，他看起来状态很差。;;;;;;;;;;;;;;;;;;;;;;;
TutoQ27R1;"Du coup, qu’est-ce qu’on fait ? Un petit coup de parchemin et on en parle plus ?";So what do we do ? A little parchmin hit and that's it ?;那我们该怎么办？打一顿就完事了？;;;;;;;;;;;;;;;;;;;;;;;
TutoQ28;"Pas cette fois, je regrette, il est hors de question que je salisse mon uniforme. A toi d’utiliser tes compétences pour t’en débarrasser.
";"Not this time, i am sorry, I will not put dirt on my uniform. Use your knew skills to get rid of him.";这次不行，对不起，我不会把脏东西弄到制服上的。用你的技能干掉他。;;;;;;;;;;;;;;;;;;;;;;;
TutoQ29;Utiliser tes compétences te demandera de la Volonté et parfois de la Conscience.;"Using your skills will ask you to have willpower, and sometime conscious.";使用技能需要意志力，有时还需要意识。;;;;;;;;;;;;;;;;;;;;;;;
TutoQ30;La première règle d’un affrontement est: chacun son tour. N’oublie pas d’indiquer aux autres ames quand ton tour est fini.;The first rule of a fight is : you each take turn. Do not forget to tell the other souls when your turn is over.;战斗的第一条规则是：轮流上场。轮到你时，不要忘记告诉其他灵魂。;;;;;;;;;;;;;;;;;;;;;;;
TutoQ31;"La seconde règle d’un affrontement est: plus tu es rapide, plus tu as l’initiative. Tout dépendra donc de ta Vitesse.";"The second rule is : The faster you are, the faster you will be able to act. Everything will depend from your speed.";第二条规则是 ： 速度越快，行动就越快。一切都取决于你的速度。;;;;;;;;;;;;;;;;;;;;;;;
TutoQ32;"L’avantage de ces règles, c’est de te permettre de récupérer un peu et d’avoir à nouveau toute ta Volonté au début de ton tour. Tu te sens prêt ?
";"The advantages of those rules is that you will be able to recover a bit, and have all of your willpower at the beginning of your next turn, are you ready ?";这些规则的好处是，你可以稍作恢复，并在下一回合开始时拥有全部意志力，准备好了吗？;;;;;;;;;;;;;;;;;;;;;;;
TutoQ32R1;"On va bien voir, laisse moi faire !";"We shall see, let me do it !";让我们拭目以待吧;;;;;;;;;;;;;;;;;;;;;;;
TutoQ33;"Certaines compétences nécessitent d’avoir une cible pour être utilisées.
";Some skills must have a target to be used;有些技能必须有目标才能使用;;;;;;;;;;;;;;;;;;;;;;;
TutoQ34;"Faire du mal à une autre ame augmentera sa Tension, une fois au maximum elle aura un deuxième tour.";"Hurting a souls will increase it's tension, once it reach the maximum, it will have a second turn";伤害灵魂会增加它的紧张度，一旦达到最大值，它就会有第二个回合。;;;;;;;;;;;;;;;;;;;;;;;
TutoQ35;"Tu n’es pas obligé de seulement frapper, tu peux aussi te renforcer. Tu devrais essayer !
";"It's not mandatory to only hit, you can also strengthen yourself, you should try it !";并不是一定要打，你也可以强化自己，你应该试试！;;;;;;;;;;;;;;;;;;;;;;;
TutoQ36;"Dans ces circonstances, tu as aussi le droit d’être tendu. Si ta Tension atteint son maximum, tu auras un second tour.
";"In those circonstance, you also have the right to be tense. If your tension get to the max, you will have a second turn !";在这种情况下，你也有权紧张。如果你的紧张达到了极致，你就会有第二次机会！;;;;;;;;;;;;;;;;;;;;;;;
TutoQ37;"Toutes mes félicitations, tu t’en es bien sorti ! Mais il me reste une dernière chose à te montrer.";You have my congratulation ! You did well ! But there is still one last thing that I must show you.;我向您表示祝贺！你做得很好！但还有最后一件事我必须告诉你。;;;;;;;;;;;;;;;;;;;;;;;
TutoQ37R1;Laisse moi le temps de ramasser son Essence et je suis à toi !;Let me the time to pick he's essence and i am yours.;给我时间去采摘他的精华，我就是你的了。;;;;;;;;;;;;;;;;;;;;;;;
TutoQ38;"Tu sais déjà que ces cristaux peuvent être rendus au grand cycle, mais il en existe une autre utilisation, un peu moins… Enfin, un peu plus…
";"You already know that those crystal can be brought back to the great cycle, but there is another use...A little less... A bit more...";你已经知道那些水晶可以带回大循环，但还有另一种用途......少一点...... 多一点...;;;;;;;;;;;;;;;;;;;;;;;
TutoQ38R1;"Crache le morceau, on a pas toute la journée !";Come on say it ! We don't have all days !;说吧！我们没有那么多时间！;;;;;;;;;;;;;;;;;;;;;;;
TutoQ39;"Oui bon ?a va, j’y viens ! Tu peux les utiliser pour restaurer ta Radiance, mais c’est tout à fait égo?ste et très peu respectueux de faire ?a, il faut en être conscient !
";"Okay okay im on it ! As i was saying, you can use them to restore some radiance, but it's very selfish and not respectful to do that, you must be aware of that !";好了好了，我这就去！就像我刚才说的，你可以用它们来恢复一些光彩，但这样做是非常自私的，也是不尊重人的，你必须意识到这一点！;;;;;;;;;;;;;;;;;;;;;;;
TutoQ39R1;Ego?ste ? Ils sont à moi ces cristaux non ? J’en fais ce que bon me semble.;Selfish ? They are mine those crystal aren't they ? I do what I want with them.;自私？它们是我的水晶，不是吗？我想怎么做就怎么做。;;;;;;;;;;;;;;;;;;;;;;;
TutoQ40;"On peut voir les choses comme ?a, effectivement… Mais saches que la seule fa?on qu’auront ces résidus d’ames pour retourner au grand cycle sera la disparition de leur h?te.
";"You can see it that way... But i'll let you know that the only way these soul will return to the grand cycle, is with the disappearence of they're host.";你可以这么看... 但我要告诉你 只有宿主消失了 这些灵魂才能回到大循环中去;;;;;;;;;;;;;;;;;;;;;;;
TutoQ40R1;"Je ne compte pas dispara?tre de si t?t, ils vont devoir se montrer patients.
";I do not intend to disapear so soon. They will have to be patient.;我不打算这么快消失 他们得耐心等待;;;;;;;;;;;;;;;;;;;;;;;
TutoQ41;"Bien, tu sembles déterminé. Fais donc ton choix. Mais garde à l’esprit que tu pourrais aussi en consommer durant un affrontement, mais pour une fraction de l’effet. Cependant, ?a pourrait te sortir d’une mauvaise passe, qui sait.
";"Okay, you seem determined. Make your choice. But keep in mind, you can also consume them during a fight, but for a fraction of the effect. But it could help you get through a hard time, who knows.";好吧，看来你下定决心了 做出你的选择吧 但要记住，你也可以在战斗中吃掉它们，不过效果会差一点。但它能帮你度过难关，谁知道呢。;;;;;;;;;;;;;;;;;;;;;;;
TutoQ42;"Oh ! Tu as été chanceux ! Il arrive parfois qu’on tombe sur des Souvenirs perdus, c’est le genre de chose qu’on garde précieusement.";"Oh ! You have been lucky ! It happends sometime that we get a lost memory, it's the kind of things we keep preciously.";哦，你很幸运！有时我们会失去一段记忆，那是我们珍爱的东西。;;;;;;;;;;;;;;;;;;;;;;;
TutoQ43;"Mais attends… C’est bien trop t?t pour que tu sois capable d’encaisser un tel Souvenir, ?a risquerait d’avoir de graves conséquences sur ta traversée !
";"But wait... It's way too soon for you to be able to handle such a memory, it can have great consequences on your journey !";但等等... 对你来说，现在处理这样的记忆还为时过早，它会给你的人生旅途带来很大的影响！;;;;;;;;;;;;;;;;;;;;;;;
TutoQ43R1;"Moi je le trouve très bien ce souvenir. En plus, il est à moi, je ne te demande pas ton avis !
";I find it very nice this memory. And it's mine ! I didn't ask your permission !;我觉得这段回忆很美好 这是我的记忆 我没征求你的同意！;;;;;;;;;;;;;;;;;;;;;;;
TutoQ44;"Navré, mais c’est mon r?le de veiller au bon déroulement du cycle. Je réquisitionne donc ce Souvenir, c’est pour ton bien, crois moi !
";"I am sorry, but this is my role to take care of the good conduct of the cycle, I requisition this memory, it's for you own good, believe me !";我很抱歉，但这是我的职责，我征用这段记忆是为了你好，相信我！;;;;;;;;;;;;;;;;;;;;;;;
TutoQ44R1;"Je sais reconna?tre une arnaque quand j’en vois une… Mais avec ou sans ce truc, je vais réussir, alors garde le si tu y tiens tant !
";"I know a scam when i see it... But with or withtout that thing, i will do it, so keep it if it's so meaningful for you !";我一看就知道是骗局...... 但不管有没有那东西，我都会去做，如果对你有意义，就留着吧！;;;;;;;;;;;;;;;;;;;;;;;
TutoQ45;"C’est là que nos routes se séparent. Je parie que tu en avais assez de m’avoir dans les parages, pas vrai ?
";"This is where our road split. I feel like you have enough of me babling like that, am I right ?";这就是我们的分道扬镳之处。我觉得你已经听够我这样喋喋不休了，对吧？;;;;;;;;;;;;;;;;;;;;;;;
TutoQ46;"En tout cas, ?a faisait longtemps qu’une visite n’avait pas été si animé haha !
Essaye de ne pas trop mettre le bazard lors de ton séjour ici.
";"But, it's been a long time since a visit have been so animated haha ! Try not to do to much chaos during your journey here.";不过，我已经很久没有这么生动了，哈哈！在这里的旅途中，尽量不要太混乱。;;;;;;;;;;;;;;;;;;;;;;;
TutoQ46R1;Je vais faire mon p…;I will do what i ca...;我会尽我所能...;;;;;;;;;;;;;;;;;;;;;;;
TutoQ47;"“Je peux savoir ce qu’il se passe ici ?
Oh, je vois… Ne me dit pas que tu fais encore du bénévolat à aider un pauvre bougre sans le moindre potentiel…”
";"What is going on here ? Oh.... I see, you have been doing some volunteering again, helping a poor souls without any potential...";这是怎么回事？Oh.... 我明白了，你又在做志愿者了，帮助那些没有任何潜能的可怜人......;;;;;;;;;;;;;;;;;;;;;;;
TutoQ47R1;"Attends, c’est de moi qu’il parle là !?
";"Wait, are you talking about me ?! ";等等，你是在说我吗？;;;;;;;;;;;;;;;;;;;;;;;
TutoQ48;"Alors, déjà, non, il a plus de potentiel que le dernier, ne serait-ce qu’un peu ! Et ensuite, j’accomplis ma mission. Tu sais, parler aux ames perdues, tout ?a tout ?a…
";"First of, no, he has more potential than the last one, even if it's just a little bit ! And second, I do my mission, you know, talk to the lost souls and all that...";首先，不，他比上一个更有潜力，哪怕只是一点点.....！其次，我在完成我的任务，你知道的，和那些迷失的灵魂交谈什么的......";;;;;;;;;;;;;;;;;;;;;;;
TutoQ48R1;"Vous avez décidé de faire comme si je n’étais pas là, c’est ?a !?
";You decide to do as if i was not there ? That's it ?!;你决定当我不存在？就这样？;;;;;;;;;;;;;;;;;;;;;;;
TutoQ49;"LEUR PARLER !? Après plusieurs milliers d’années tu n’arrives toujours pas à comprendre qu’on doit rester à distance et les observer !? 
On va encore avoir des problèmes…";TALK TO THEM !? After thousand of years  you still do not understand that we must stay distant and observe them !? We will have problem again...;就这样？几千年了，你还不明白 我们必须保持距离，观察他们？我们还会有问题的......;;;;;;;;;;;;;;;;;;;;;;;
TutoQ49R1;"Attendez ! Comment ?a “des milliers d’années"" !?
";Wait ! What do you mean "thousand of years " !?;等等 你说 "一千年 "是什么意思？;;;;;;;;;;;;;;;;;;;;;;;
TutoQ50;"Je suis désolé, je ne voulais pas t’attirer d’ennuis… Mais tu sais comme je suis, c’est plus fort que moi…";"I am sorry... I didnt want to bring any trouble...You know how i am, it's stronger than me.";对不起... 我不想给您添麻烦......您知道我的脾气，比我强多了。;;;;;;;;;;;;;;;;;;;;;;;
TutoQ51;"
Second Observateur : “Oui, tu as bon coeur, parfois un peu trop si tu veux mon avis.”";"Yes, you have a good hearth, a little too much if you want my opinion";是的，你的炉灶很好，如果你想听我的意见，那就有点过分了。;;;;;;;;;;;;;;;;;;;;;;;
TutoQ51R1;Arrêtez de m’ignorer !;Stop ignoring me !;别再无视我了！;;;;;;;;;;;;;;;;;;;;;;;
TutoQ52;"Oh mince ! Désolé que tu aies d? assister à cette scène, jeune ame errante…”
";"Oups, sorry that you had to assist to this scene, young lost soul...";Oups，很抱歉你不得不协助这一幕，迷失的年轻人......;;;;;;;;;;;;;;;;;;;;;;;
TutoQ53;"Tu ne vas quand même pas t’excuser ! C’est une ame errante, alors qu’elle retourne errer ! Du balais !”
";"You will not make excuse to him ! He is a wandering souls, go back to wander ! Get out of the way !";你不能给他找借口！他是个游魂，回去游荡吧！让开！;;;;;;;;;;;;;;;;;;;;;;;
TutoQ54;"J’ai perdu assez de temps avec vous deux, mais la prochaine fois, tu ferais mieux de tenir ta langue, avorton.";"I lost enough time with you two, but next time, you should keep your mouth shut, little runt";和你们俩在一起我耽误的时间够多了，不过下次你该闭上嘴巴了，小矮子;;"""CombatE1N1I"" CombatE1N1I";;;;;;;;;;;;;;;;;;;;;
TutoQ55;"Tu es content ? On va penser que nous n’avons aucun savoir vivre…”
";Are you happy ? He will think that we have no manners;你高兴了？他会认为我们没有礼貌;;;;;;;;;;;;;;;;;;;;;;;
TutoQ56;"J’y suis peut-être allé un peu fort, je dois l’admettre… Il avait l’air particulièrement simple à énerver celui-là, je sens qu’il va causer des problèmes.”
";"...I was a bit brutal, i must admit...But nontheless, he seems pretty easely to anger... I sense that he will be a problem in the future.";......我必须承认，我是有点粗暴......不过，他似乎很容易生气...... 我觉得他将来会是个麻烦。;;;;;;;;;;;;;;;;;;;;;;;
CombatE1N1I;"Bienvenue à toi mon fils ! Le royaume de notre seigneur te tend les bras, tu peux te reposer à présent !";Welcome my child! You are in the Lord's realm. You may rest in peace here.;欢迎你，我的孩子！你来到了上帝的国度。你可以在此安息;;;;;;;;;;;;;;;;;;;;;;;
CombatE1N1RJ1;"S'il y a un seigneur en ces lieux, je souhaite le rencontrer. Mène moi à ton roi.";Take me to this lord of yours. ;带我去见你的主;;;;;;;;;;;;;;;;;;;;;;;
CombatE1N1RE1;"Notre ""roi"", comme tu l'appelles, est tout autour de nous, même en ton coeur, car il a créé ce paradis !";Can you not feel our Lord's embrace? He is all around us. He is in your own heart. We owe him everything.;你感受不到主的拥抱吗？他就在我们身边 他就在你的心中 我们欠他一切;;;;;;;;;;;;;;;;;;;;;;;
CombatE1N1RJ2;"Il n'y a pas de roi dans mon coeur, tu dois faire erreur, vieil homme.";"You must be mistaken, old man. There is no lord in my heart.";你一定弄错了，老头 我心中没有主;;;;;;;;;;;;;;;;;;;;;;;
CombatE1N1F1;"Tu dis vrai, j'ai fait erreur, tu n'étais qu'un pa?en de plus.";Forgive me Lord for welcoming a Heretic into your hallowed halls. ;主啊，请原谅我把一个异教徒 迎进了您神圣的殿堂;;;;;;;;;;;;;;;;;;;;;;;
CombatE1N1RJ3;"Tes affirmations pourraient avoir des conséquences regrettables, tu devrais surveiller tes paroles.";You refuse our Lord's loving embrace. You will feel his wrath instead.;你拒绝了主爱的怀抱 你将感受到他的愤怒;;;;;;;;;;;;;;;;;;;;;;;
CombatE1N1F2;Tu refuse l'amour du seigneur ?! Tu recevras donc son chatiment !;You refuse our Lord's loving embrace. You will feel his wrath instead.;你拒绝主爱的拥抱 你将感受到他的愤怒;;;;;;;;;;;;;;;;;;;;;;;
CombatE1N1RJ4;"On m'a dit qu'il fallait traverser cet endroit pour me réincarner, tu comprendras que je n'ai aucune envie de me reposer";"I was told that the path back to my world would lead me through here. I cannot stop and rest, I must be on my way.";我被告知回到我的世界的路 会带我穿过这里 我不能停下来休息 我必须上路了;;;;;;;;;;;;;;;;;;;;;;;
CombatE1N1RE2;C'est l'enfer qui t'attend si tu quittes ce paradis ! Quel imbécile choisirait de quitter un endroit si délicieux ?;It's hell that await you if you leave this paradise ! What fool would leave such a beautiful place ?You would forsake our Lord's paradise for the hellfire and damnation that awaits you outside? Surely you jest.;如果你离开这个天堂，等待你的将是地狱！哪个傻瓜会离开这么美丽的地方？ 你会为了外面等待你的地狱之火和诅咒而放弃主的天堂？你肯定是在开玩笑;;;;;;;;;;;;;;;;;;;;;;;
CombatE1N1RJ5;Délicieux ? Il pue la chaire calcinée ton paradis.;Paradise? Your hallowed halls reek of burnt flesh.;天堂？你神圣的殿堂散发着烧焦的肉味;;;;;;;;;;;;;;;;;;;;;;;
CombatE1N1RJ6;"J'ai fait plus de guerres que tu n'a de doigts pour les compter, ton enfer ne m'effraie pas, vieil homme.";I've bled and suffered through a hundred wars. A little hellfire won't stop me.;我经历过上百次战争的流血和痛苦 一点地狱之火也阻止不了我;;;;;;;;;;;;;;;;;;;;;;;
CombatE1N1F3;"Si tu tiens tant à souffrir, voici un avant go?t de ce qui t'attend.";"Who am I to keep you from your suffering. Here is a little taste, as a parting gift.";我有什么资格阻止你受苦呢？这里有一点味道 作为临别礼物;;;;;;;;;;;;;;;;;;;;;;;
CombatE1N1F4;"Préserver la pureté de ce lieu nécessite des sacrifices, tu n'en seras qu'un de plus.";If you won't stay here as a guest. You will rest here as a corpse. Our Lord welcomes your sacrifice.;如果你不愿意留在这里做客 你将在此长眠 我们的主欢迎你的牺牲;;;;;;;;;;;;;;;;;;;;;;;
CombatE1N2I;"Eh toi ! T'as vraiment l'air très fort ! Viens avec nous, on aura plus à avoir peur des autres si tu nous rejoins !";Traveller! That's a big knife. You come with us and we won't be afraid no more. You are our Big Knife Man now.;旅行者 那是把大刀 你跟我们走 我们就再也不怕了 你现在就是我们的大刀侠了;;;;;;;;;;;;;;;;;;;;;;;
CombatE1N2RJ1;"Vous rejoindre ? Qui ca ""vous"" ? Et vous êtes combien ? Parce que j'ai pas besoin de boulets, je me débrouille très bien tout seul.";What? There is no "us". I work alone. I don't need you runts weighing me down.;什么？没有 "我们" 我独自行动 我不需要你们这些侏儒来拖累我;;;;;;;;;;;;;;;;;;;;;;;
CombatE1N2RE1;"Maintenant, on est plus que trois, le maitre, ma soeur et moi. Mais tant qu'on reste ensemble on survivra, c'est le maitre qui le dit !";"It's just my Master, my sister and I. There were others but… anyway, If we stick together, we will survive. I know this. The Master has spoken it.";只有我师父、我妹妹和我 还有其他人，但... 总之，只要我们团结一致，就能活下去 这我知道 主人已经说过了;;;;;;;;;;;;;;;;;;;;;;;
CombatE1N2RJ2;"En regardant ton ""maitre"", je ne vois ni un homme, ni un protecteur. Alors bonne chance gamine. Maintenant hors de mon chemin";"Your Master is neither man nor protector. Run along runt, I have nothing else to say to you. Scram.";你的主人既不是人 也不是保护者 走吧，矮子，我没话跟你说了 滚开;;;;;;;;;;;;;;;;;;;;;;;
CombatE1N2F1;"Je ne suis pas là pour survivre petite, mais pour avancer. Tu ne peux pas me suivre, même avec la meilleure volonté du monde. Retourne auprès de ta soeur.";I'm no tourist or villager. I don't intend to settle here. I go where you cannot follow. Return to your sister.;我不是游客或村民 我不打算在这里定居。我去你跟不上的地方 回到你姐姐身边;;;;;;;;;;;;;;;;;;;;;;;
CombatE1N2RJ3;"Je vais le dire au ma?tre ! Et il va pas être content, ?a tu peux en être certain !";"Please Big Knife Man, you will make the Master angry. ";大刀客，你这样会惹师父生气的;;;;;;;;;;;;;;;;;;;;;;;
CombatE1N2F2;Ma?tre ma?tre ! La grosse brute vient de me pousser ! Il doit être puni !;"Master, he pushed me! Punish him!";师父，他推我 罚他;;;;;;;;;;;;;;;;;;;;;;;
CombatE1N2RJ4;"Comment ca ""les autres "" ? Pour moi, vous êtes tous ""les autres"". Vous m'inspirez aucune confiance";"Others? You could join them in whatever twisted afterlife they've found themselves in, I could care less. ";其他人呢？你可以跟他们一起去死 我才不管呢;;;;;;;;;;;;;;;;;;;;;;;
CombatE1N2RE2;"Moi aussi le ma?tre me faisait peur au début tu sais, mais depuis qu'il ma recueillie on forme une grande famille. Tu pourrais y trouver ta place !";The Master can seem scary at first but you just have to let him welcome you. Become a part of our family Big Knife Man.;主人一开始看起来很可怕，但你必须让他欢迎你。成为我们大家庭的一员吧 大刀客;;;;;;;;;;;;;;;;;;;;;;;
CombatE1N2RJ5;J'ai déjà une famille où se trouve ma place. Tout ce que tu fais c'est m'empêcher d'aller la retrouver;I have a family waiting for me and every second I waste on you keeps me from them.;我有家人在等我 我在你身上浪费的每一秒 都会让我远离他们;;;;;;;;;;;;;;;;;;;;;;;
CombatE1N2RJ6;"S'il est ton ma?tre, vous n'êtes pas une famille, juste des esclaves. Arrête de rêver petite. ";What family has a master? You are nothing but slaves. ;哪个家庭会有主人？你们不过是奴隶;;;;;;;;;;;;;;;;;;;;;;;
CombatE1N2F3;"Si tu refuses de nous rejoindre, c'est que tu es avec les autres. Tu n'es plus le bienvenu.";"Big Knife Man, you are evil like the rest. You cannot be a part of our family.";大刀客，你和其他人一样邪恶 你不能成为我们家的一员;;;;;;;;;;;;;;;;;;;;;;;
CombatE1N2F4;Tu dis n'importe quoi ! Le ma?tre m'aime pour de vrai ! Je te laisserai pas dire ?a de lui !;"Master loves us. Master loves us truly. You are bad Big Knife Man, you are very bad indeed.";主人爱我们 主人真心爱我们 你很坏 大刀客 你真的很坏;;;;;;;;;;;;;;;;;;;;;;;
CombatE1N2RJ7;"Si tu veux vraiment survivre, tu peux venir avec moi, mais essaye de pas me gener. Par contre, hors de question que le démon derrière toi vienne aussi.";If you brats want to survive you can follow me. That sickening demon of shadow and bone can keep its distance before I slay it.;如果你们这些小鬼想活命，可以跟着我。在我杀死那个令人作呕的骨影恶魔之前，你们最好离它远点。;;;;;;;;;;;;;;;;;;;;;;;
CombatE1N2RE3;"Mais c'est pas un démon, c'est le ma?tre ! Le ma?tre est bon avec nous. Le ma?tre sait ce qu'il nous faut.";Demon? That is our Master. Master is Good. Master is True. Master knows what we need.;恶魔？那是我们的主人 主人是善的 主人是真 主人知道我们需要什么;;;;;;;;;;;;;;;;;;;;;;;
CombatE1N2RJ8;"Je vois que tu possèdes déjà son esprit, asura, Mais ce sera le dernier enfant sur lequel tu auras apposé ta marque !";"These are no children. They are mere shells that you speak through. Wretched devil, how many more kids will you consume before you are stopped!";他们不是孩子 他们只是你借以说话的躯壳 可恶的魔鬼 你还要吃掉多少孩子 才能阻止你？;;;;;;;;;;;;;;;;;;;;;;;
CombatE1N2RJ9;"Ecarte toi gamine ! Toi qui souhaite tant survivre, je te conseille de pas interférer.";"Stay back brat. If you want to survive, you'll keep out of this.";退后，臭小子 如果你想活命 就别管这事;;;;;;;;;;;;;;;;;;;;;;;
CombatE1N2F5;Non ! Arrêtez ?a ! Ne vous en prenez pas au ma?tre ! JE dois protéger le mai...;No! Master is Good. I will protect Master. Master is True. I will protect Master. ;不 师父是好人 我会保护师父 师父是真 我会保护师父;;;;;;;;;;;;;;;;;;;;;;;
CombatE1N2F6;"Comment oses-tu donner des ordres à mes larbins !? Tu aurais mieux fait d'accepter ma proposition intiiale, étranger !";"Tch Tch Tch, you could have been a part of our loving family traveller. Now my children will play with your corpse.";啧啧啧 你本可以成为我们温馨大家庭的一员 旅行者 现在我的孩子们要和你的尸体玩耍了;;;;;;;;;;;;;;;;;;;;;;;
CombatE1C1I;"J'avoue que j'ai été un peu dur avec toi, si on veut vraiment parler de déceptions de la famille, en voila une belle !";"And here I thought you were a blight on our family name but look here! It's your son, who has far surpassed you in that regard. What a dissapointment.";我还以为你是我们家族的污点 但看看这里 是你的儿子，他在这方面远远超过了你。真让人失望;;;;;;;;;;;;;;;;;;;;;;;
CombatE1C1RJ1;"Encore une voix que je me serrais bien passé d'entendre à nouveau. Tu aurais d? rester mort, vieillard.";"Hearing your voice again is one more time than I needed. You should have stayed dead, you old prune.";再次听到你的声音已经超出了我的需要 你应该死了才对 你这个老顽固;;;;;;;;;;;;;;;;;;;;;;;
CombatE1C1RE1;"Je t'interdis de manquer de respect à ton grand père ! C'est l'un des hommes sans qui notre nom ne vaudrait rien, modère tes paroles !";Stay your tongue whelp! That is your grandfather. You are nothing without his name.;少废话 那是你爷爷 没有他的名字，你什么都不是;;;;;;;;;;;;;;;;;;;;;;;
CombatE1C1RJ2;"HA ! Certes il a mérité le respect, mais parce que tout le monde le craignait, même sa propre famille";His name? I can do without that cursed name. It is nothing but a rag soaked in fear pretending to be a shawl.;他的名字？我可以不要那个被诅咒的名字 它只不过是一块被恐惧浸透的破布 假装是披肩而已;;;;;;;;;;;;;;;;;;;;;;;
CombatE1C1RJ3;"Tu me fais de la peine. Même après  tout ce temps, tu continues de baiser les pieds de ton bourreau";"I pity you father. Even now, centuries later, you run to him like a puppy and lick his sordid feet.";我可怜你的父亲 即使在几百年后的今天，你还像小狗一样跑到他身边，舔他肮脏的脚。;;;;;;;;;;;;;;;;;;;;;;;
CombatE1C1F1;"Tu sembles avoir oublié les raisons que tu avais de me craindre. Je vais te rafraich?r la mémoire, petit impertinent.";You forget yourself. Perhaps I need to drown you in the very fear you dismiss so casually.;你忘了自己 也许我需要把你淹没在 你随随便便就能忽视的恐惧中;;;;;;;;;;;;;;;;;;;;;;;
CombatE1C1F2;Tu fais preuve de bien trop d'insolence en t'adressant à ton père. Je vais devoir te remettre à la place qui est la tienne.;You dare talk to your father like that? I must remind you of what happens to insolent curs who can't heel.;你竟敢这样跟你父亲说话？我得提醒你，傲慢无礼又不听话的人 会有什么下场。;;;;;;;;;;;;;;;;;;;;;;;
CombatE1C1RJ4;"Une déception ? J'aimerais bien savoir qui à tes yeux n'en est pas une, toi qui a tout vu, tout fait, le grand conquérant ! Qui peut satisfaire tes ambitions ?";A disappoinment? Oh great conqueror you are. You made your enemies tremble when you were alive and now they spit on your grave. You built a kingdom on fear and nothing else.;失望吗？你是伟大的征服者 你活着的时候让你的敌人胆战心惊 现在他们却唾弃你的坟墓 你把王国建立在恐惧之上，别无其他。;;;;;;;;;;;;;;;;;;;;;;;
CombatE1C1RE2;"J'espérais que ta descendance relèverais le niveau, mais tu n'as même pas été capable d'avoir un hérétier. Encore une belle fa?on de t'illustrer.";"And whose fault is that? You were supposed to be the greatest of all but here you are, weak and spineless. You couldn't even birth an heir. You aren't worthy of my legacy. ";这是谁的错？你本该是最伟大的人 但你现在却软弱无能 你甚至生不出一个继承人 你不配继承我的遗产;;;;;;;;;;;;;;;;;;;;;;;
CombatE1C1RJ5;"A t'entendre on dirait que ma fille n'a même pas existé. C'est logique:  tu n'as jamais daigné retenir son prénom. Elle n'aurait jamais pu accéder au tr?ne, mais est ce que ?a m'a empêcher d'être fier d'elle ? Pas un seul instant.";I birthed a daughter who is worth a thousand of you. She is certainly worth a lot more than me. She is perhaps the first of our accursed name that made me proud of it.;我生的女儿比你强多了 她肯定比我值钱多了 她也许是我们这个被诅咒的姓氏中 第一个让我感到骄傲的人;;;;;;;;;;;;;;;;;;;;;;;
CombatE1C1RJ6;"Même ?a tu voulais le contr?ler ? Choisir ce que je devais devenir et mon r?le n'a pas suffit ? Aucune de mes actions ne m'appartient, c'est ?a ?";I was supposed to be the greatest? Was my fate written before I was born? Even that did you try to control? Were any of my actions and choices my own?;我本该是最伟大的？我的命运在我出生之前就已经注定了吗？就连这也是你想控制的吗？我的任何行为和选择都是我自己的吗？;;;;;;;;;;;;;;;;;;;;;;;
CombatE1C1F3;"Tu es fier d'elle ? Attend de voir ce qu'elle est devenue, tu vas vite ravaler ta fierté, Mais avant ?a, ce que tu vas avaler, c'est tes dents !";You're proud of that? You're in for a surprise then. You're even more far gone than I thought and you need to be retrained.;你以此为荣？那你就大吃一惊了 你比我想象的还要堕落 你需要重新接受训练;;;;;;;;;;;;;;;;;;;;;;;
CombatE1C1F4;Tu avais le choix : cet héritage que tu as échoué à transmettre c'était des centaines d'années d'histoire. Tu as préféré te rebeller. Tes actes t'appartiennent et tu vas faire face à leur conséquences;You are an entitled brat to think that your life was ever just your own. Our forefathers didn't build an empire to last a thousand years for you to come along and dash it to the ground.;你是个有权有势的小鬼，以为你的生活只属于你自己。我们的祖先建立了一个延续千年的帝国 不是为了让你来把它夷为平地的;;;;;;;;;;;;;;;;;;;;;;;
CombatE1C2I;"Eh, guerrier, viens voir ! Dis leur toi, on fait presque le même métier, on est d'accord ?";"Ay Warrior, Come here. We're in the same line of work, you and I. Don't you love the smell of blood?";勇士 过来 我们是同行 你不喜欢血腥味吗？;;;;;;;;;;;;;;;;;;;;;;;
CombatE1C2RJ1;"Tu devrais tenir ta langue si tu ne veux pas que je te la coupe. Plus qu'un conseil, c'est un ordre.";Shut your mouth or I'll shut it for you.;闭上你的嘴，不然我替你闭嘴;;;;;;;;;;;;;;;;;;;;;;;
CombatE1C2RE1;"Ah ben vous voyez, lui aussi il aime couper de la viande ! Si tu veux ma langue, vient la chercher, je suis déjà mort, qu'est ce que tu pourrais faire de plus ?";"Oh you're so scary. Look at me, I'm shivering. Fuck off. I'm already dead, anything else you do is quite literally overkill.";你真可怕 看着我 我在发抖 滚开 我已经死了 你再做什么都是矫枉过正;;;;;;;;;;;;;;;;;;;;;;;
CombatE1C2RJ2;"Si tu n'a pas appris le respect de ton vivant, et que la mort n'a rien arrangé, autant écourter ton séjour ici. ";Looks like no one taught you respect. You have a foul mouth.;看来没人教你尊重别人 你嘴巴真臭;;;;;;;;;;;;;;;;;;;;;;;
CombatE1C2RJ3;"Même morts, nous ne venons pas de la même caste. Ici comme ailleurs, nous devons garder notre place, et tu sembles avoir oublié celle qui est la tienne.";You forget yourself. You forget your place. We are not the same.;你忘了你自己 你忘了你的位置 我们不一样;;;;;;;;;;;;;;;;;;;;;;;
CombatE1C2F1;"J'ai plié le dos toute ma vie, compte sur moi pour rester fier dans la mort. Viens, guerrier, on va régler ?a d'homme à homme.";"I spit on your respect and your place. All my life I've bent the knee to people like you. Here, my knife will cut just as deep as yours. Let us settle this, as equals.";我唾弃你的尊重和地位 我一生都在向你这样的人屈膝投降 在这里，我的刀会和你的一样锋利 让我们平等地解决这件事;;;;;;;;;;;;;;;;;;;;;;;
CombatE1C2F2;"Tu aimerais que ce soit le cas, toi qui es né sous une bonne étoile. Mais ici, ce n'est pas en dalits que je me tiens devant toi, mais en homme libre.";"You Highborn fool. You who was born with a silver spoon rammed up your arse. In death, we are the same and when I spill your blood, it will bleed red like mine.";你这个天生的傻瓜 你这个一出生就被银汤匙塞满屁股的人 死后我们是一样的 当我让你流血时 你的血也会像我一样鲜红;;;;;;;;;;;;;;;;;;;;;;;
CombatE1C2RJ4;Comment peux-tu imaginer comparer ce que nous faisons ? ?a n'a rien à voir !;We are not the same! And you are a fool to think so.;我们不一样 你这么想就太傻了;;;;;;;;;;;;;;;;;;;;;;;
CombatE1C2RE2;"C'est pourtant simple: on découpe tous les deux de la viande. La seule différence, c'est que tu tranches de la viande vivante et dont personne ne profitera.";We both carry big knives and we cut through flesh. At least I feed people. When have you ever helped someone with that knife of yours?;我们都带着大刀，都能割肉 至少我给人吃的 你什么时候用你的刀帮助过别人？;;;;;;;;;;;;;;;;;;;;;;;
CombatE1C2RJ5;"Cette ""viande vivante"" dont tu parles, c'est celle des guerriers entra?nés qui attaque notre peuple. Voila pourquoi je fais mon devoir en vous protégeant, bande d'ingrats !";I cut through enemies that would take the land you live on. I'm the reason you even had a chance to live your sorry excuse of a life in peace.;我切开的敌人会夺走你赖以生存的土地 是我让你有机会过上平静的生活;;;;;;;;;;;;;;;;;;;;;;;
CombatE1C2RJ6;"Tu ose comparer ton misérable établi avec la résponsabilité de mener nos soldats à la bataille pour ptogéger vos existences insiginifiantes ? C'en est trop, tu aurais d? réfléchir avant de parler ainsi.";"You compare your miserable butchery to the work of a king? Have you led soldiers into battle? Have you had to make decisions that would change the face of the world? You are a gnat, a mosquito, an ant beneath my feet.";你把自己悲惨的屠戮比作国王的工作？你带领士兵上过战场吗？你做出过改变世界面貌的决定吗？你是我脚下的蝼蚁、蚊子、蚂蚁。;;;;;;;;;;;;;;;;;;;;;;;
CombatE1C2F3;"Tu penses que je ne sais pas me défendre ? Allez, viens, je vais te montrer.";Peace? A wretched peace it was. Watching my children starve and get beaten as they walked in the streets while you rot in your palaces. You know nothing outside your walls.;和平？那是可悲的和平。看着我的孩子在街上挨饿挨打，而你们却在自己的宫殿里腐烂。你们对墙外一无所知;;;;;;;;;;;;;;;;;;;;;;;
CombatE1C2F4;Je dis les choses comme je les pense et je suis prêt à en assumer les conséquences. Je n'ai plus peur de la mort désormais.;"I wonder when I slit your mighty throat, if you'll struggle like a fat goat. How the mighty fall.";我想知道当我割断你强大的喉咙时 你是否会像肥羊一样挣扎 强者如何陨落;;;;;;;;;;;;;;;;;;;;;;;
CombatE1B1I;"Halte, ame mortelle ! Par delà cette porte se trouvent les royaumes infernaux et défendus. Rebrousse chemin tant que tu le peux encore !";Halt Mortal. This is the door to the Kingdom of Damnation. Turn back while you still can!;停下，凡人 这是通往诅咒之国的大门 趁你还能回头;;;;;;;;;;;;;;;;;;;;;;;
CombatE1B1RJ1;"Excuse moi gardienne, mais on m'a dit que mon salut et mon devoir étaient de passer au-delà de cette porte, je vais donc te demander de me laisser passer.";"Step aside Guardian, my journey takes me through here and I must pass. Let me be.";靠边站 守护者 我的旅程要经过这里 我必须过去 让我过去吧;;;;;;;;;;;;;;;;;;;;;;;
CombatE1B1RE1;"Pauvre innocent ! Tu as été induit en erreur ! Le diable t'a murmuré ses tentations, et toi, brebis égarée, tu l'as cru, te jetant dans la gueule du loup de toi même ! Je ne te laisserais pas te damner ainsi !";Fool! The Devil has seduced you. Do not believe his lies. Turn back while you still can. ;傻瓜 魔鬼引诱了你 不要相信他的谎言 趁你还能回头;;;;;;;;;;;;;;;;;;;;;;;
CombatE1B1RJ2;"J'ignore qui est ce diable dont tu parles, mais je sens en mon ame que la réponse ne se trouve pas ici. Personne ne me manipule, je suis maitre de mon propre destin, et il est derrière toi, gardienne !";All of you with your Devils and Lords can fuck off. I have a duty in the land of the living and if the path to it is behind you then I will not be kept from it. Move or be moved.;你们这些恶魔和领主都可以滚蛋了 我在生者之地有我的职责 如果通往生者之地的路就在你们身后 我不会被阻挡的 要么走，要么走;;;;;;;;;;;;;;;;;;;;;;;
CombatE1B1RJ3;"Je me moque de ton dieu et de ton diable comme d'une guigne ! Si même eux ne peuvent pas m'arrêter, je doute que tu le puisses ! Hors de mon chemin !";Where is this devil? Where is your Lord? I have seen neither. Perhaps they don't exist. Perhaps you should get out of my way.;魔鬼在哪里？你的主在哪里？我都没见过 也许他们根本不存在 也许你该让开;;;;;;;;;;;;;;;;;;;;;;;
CombatE1B1F1;"Le Seigneur m'a conduit de sa mission divine, m'interdisant de laisser les ames égarées se perdre face au Malin ! Je suis le bras armé du Seigneur et ma mission est irrévocable, dussé-je te forcer à rester ici contre ton gré !";"I'm the arm of our Lord. I cannot stand idly by while a soul damns itself.  I shall stop you here, by force if I need to.";我是上帝的臂膀 我不能袖手旁观 看着灵魂自取灭亡 我会在这里阻止你 必要时我会用武力;;;;;;;;;;;;;;;;;;;;;;;
CombatE1B1F2;"Tu oses blasphemer devant moi ?! Je devrais t'envoyer dans les torrents infernaux pour te chatier ! Sois tu sot ou téméraire, je prie pour que le Seigneur soit miséricordieux avec ton ame, car je vais te renvoyer à lui ! ";May the Lord forgive you your blasphemies. I will send your wretched soul to him right now.  ;愿上帝宽恕你的亵渎。我现在就把你可悲的灵魂送去见他;;;;;;;;;;;;;;;;;;;;;;;
CombatE1B1RJ4;"Ton enfer ne me fait pas peur rien ne pourra être pire que les batailles que j'ai affronté. Ecarte toi, je suis déja prêt.";I've been through enough hell when I was alive. What's a little more? How hard can it be?;我活着的时候经历的地狱够多了 再多一点又如何？能有多难？;;;;;;;;;;;;;;;;;;;;;;;
CombatE1B1RE2;"Ton ignorance n'est que malice, tu ne sais rien des combats que nous avons mené ! Nous nous sommes battus sans relache pour faire de cet endroit ce qu'il est aujourd'hui, à la gloire du Seigneur ! Je ne te laisserais pas passer !";You are ignorant. You are foolish. Our Lord have mercy on your soul. I will not let you pass little lamb. We have worked far too hard to make this place the way it is now. ;你太无知了 你太愚蠢了 愿主怜悯你的灵魂 我不会让你通过的 小羔羊 我们付出了太多的努力 才让这里变成现在这个样子;;;;;;;;;;;;;;;;;;;;;;;
CombatE1B1RJ5;"Mais bon sang, pourquoi ?! Passer ou rester ne concerne que moi ! Je ne vous laisserais pas m'empecher d'accéder à ma nouvelle vie !";"If you do not let me continue my journey then I will have to treat you as an obstacle and hurdle. If you're in my way, you will be destroyed.";如果你不让我继续我的旅程 那我就只能把你当成障碍和绊脚石了 如果你挡了我的路，你就会被毁灭。;;;;;;;;;;;;;;;;;;;;;;;
CombatE1B1RJ6;"Attendez, n'est-ce pas ici le domaine des dieux, infini, immuable et éternel ? Avez vous osé l'altérer ? Pourquoi ?!";You worked hard to make God's paradise the way it is now? Was your Lord too weak and stupid to do it himself?;你辛辛苦苦把上帝的乐园变成了现在这个样子？难道你的主太软弱、太愚蠢，不能亲自动手吗？;;;;;;;;;;;;;;;;;;;;;;;
CombatE1B1F3;"Si tu venais à descendre, tu disparaitrais et ton ame enfournée les renforcerait encore plus, que tu le veuilles ou non ! Ignorance ou Inconscience ne sont point vertu, je garderais cette voie ! Seigneur guidez ma lame, et qu'il disparaisse de ma vue !";"I tried to reason with you but you are beyond help. Your blasphemies have rendered you beyond saving. You are worth nothing as you are, maybe your sacrifice will redeem you in some way. Lord, guide my blade as I send you another offering.";我试着跟你讲道理，但你已经无能为力了。你的亵渎已经让你无可救药。你现在一文不值 也许你的牺牲能让你得到救赎 主啊，请指引我的刀锋，让我为你献上另一份祭品。;;;;;;;;;;;;;;;;;;;;;;;
CombatE1B1F4;"Ignorant ! Cet endroit était un champ de ruine avant ! Nous nous sommes battus pour ce sol sacré et avons restauré la présence de Dieu en ces lieux ! A présent, Seigneur guidez ma lame, aidez moi à protéger ce qui est votre !";"You know not what you have said or who you have insulted. You are worth nothing as you are. O Lord, guide my blade as I send you another offering.";你不知道自己说了什么，也不知道自己侮辱了谁。你一文不值。主啊，请指引我的刀锋，我将为你献上另一份祭品。;;;;;;;;;;;;;;;;;;;;;;;
CombatE1B1RJ7;"Je préfère mourir un millier de mort plut?t que de croupir d'immobilité dans ce lieu étrange. Je ne suis pas le bienvenu ici, et je ne souhaite pas l'être. Si tu ne me laisses pas passer, je forcerais le chemin. ";;;;;;;;;;;;;;;;;;;;;;;;;
CombatE1B1RE3;"Le malin t'a touché, et son chaos t'habite. Mais Dieu t'aime, tu es son enfant et tu peux connaitre la paix ici si tu laisses Sa lumière pénétrer ton coeur.";;;;;;;;;;;;;;;;;;;;;;;;;
CombatE1B1RJ8;Peuh ! Mon père n'est pas un dieu faible qui demande à ses hommes de se battre a sa place. Je ne connais pas d'autre père que celui qui m'a fait naitre et m'a forgé pour être qui je suis et mener mes plus belles batailles. ;;;;;;;;;;;;;;;;;;;;;;;;;
CombatE1B1RJ9;"Ton dieu ne fait pas partie des miens. Il en est peut-être un avatar, mais je ne suis pas à ma place dans un lieu qui ne les représente pas tous à leur juste place. ";;;;;;;;;;;;;;;;;;;;;;;;;
CombatE1B1F5;"Puisque tu n'es pas prêt à recevoir Son amour, tu recevras Sa colère. Ta lame et ta lame sont tournées dans la mauvaise direction, brebies égarée, mais je te les ferais ravaler en même temps que ton arrogance ! ";;;;;;;;;;;;;;;;;;;;;;;;;
CombatE1B1F6;"Hérésie ! Dieu est unique et tout-puissant, comment oses-tu même mentionner ces idées barbares en ce lieu saint ! Puissent Ses feux et Sa colère te br?ler pendant que je passerais ta langue au fil de mon épée ! ";;;;;;;;;;;;;;;;;;;;;;;;;
CombatE1C3I;"Ah te revoilà, tonton ? Je suis prêt a m'entrainer encore, j'ai progressé depuis la dernière fois, tu verras !";;;;;;;;;;;;;;;;;;;;;;;;;
CombatE1C3RJ1;Il faudra encore que tu t'entraines beaucoup pour me vaincre. Mais je veux bien t'affronter à une main pour que ce soit équitable.;;;;;;;;;;;;;;;;;;;;;;;;;
CombatE1C3RE1;"Ah ouais ? Un jour j'arriverais à te faire ravaler tes dents, vieil homme !";;;;;;;;;;;;;;;;;;;;;;;;;
CombatE1C3RJ2;"Voila qui est parler en guerrier, gamin ! Viens me chercher !";;;;;;;;;;;;;;;;;;;;;;;;;
CombatE1C3RJ3;Ha ! De bien belles paroles pour quelqu'un qui ne sait toujours pas tenir correctement son épée ! Je prendrais plaisir à t'enseigner une nouvelle le?on !;;;;;;;;;;;;;;;;;;;;;;;;;
CombatE1C3F1;Je jure que j'arriverais à être un guerrier aussi grand que toi !;;;;;;;;;;;;;;;;;;;;;;;;;
CombatE1C3F2;J'ai déjà hate d'en apprendre plus sur ton art !;;;;;;;;;;;;;;;;;;;;;;;;;
CombatE1C3RJ4;"Oh ? Très bien ! Montre moi si tu es devenu meilleur, je ne me retiendrais pas !";;;;;;;;;;;;;;;;;;;;;;;;;
CombatE1C3RE2;"… Merci… Merci de me traiter encore en égal, merci de continuer a m'entrainer après si longtemps, je te suis infiniment reconnaissant !";;;;;;;;;;;;;;;;;;;;;;;;;
CombatE1C3RJ5;"Et moi je serrais fier le jour où tu arriveras a me battre, donne tout ce que tu as !";;;;;;;;;;;;;;;;;;;;;;;;;
CombatE1C3RJ6;"Depuis quand parles tu comme un faible ?! C'est pas comme ca que je t'ai entrainé ! Du nerf, soldat !";;;;;;;;;;;;;;;;;;;;;;;;;
CombatE1C3F3;Ce jour là sera le plus beau jour de ma vie !;;;;;;;;;;;;;;;;;;;;;;;;;
CombatE1C3F4;"Heh, je vois bien que tu rougis, un jour tu arriveras à accepter un compliment !";;;;;;;;;;;;;;;;;;;;;;;;;
CombatE1C4I;Enfin ! Je n'ai fait qu'attendre notre nouvelle rencontre ! Quelle joie que de pouvoir se battre pour l'éternité ici à tes c?tés !;;;;;;;;;;;;;;;;;;;;;;;;;
CombatE1C4RJ1;"Ecoute Dhruv, il faut arreter ?a. Ta dévotion est respectable, mais je n'aurais pas du t'enseigner l'art de l'épée, c'était une erreur. ";;;;;;;;;;;;;;;;;;;;;;;;;
CombatE1C4RE1;Pourquoi ? Après tout ce temps ?! Après tout ce que tu m'a appris ?!  Qu'ai-je fait de mal ?!;;;;;;;;;;;;;;;;;;;;;;;;;
CombatE1C4RJ2;Tu n'es pas fait pour ?a. Tu n'a pas ce qu'il faut en toi. Tu ne pourras jamais être un guerrier. Ton c?ur est vaillant mais ton corps ne peut pas le suivre ! ;;;;;;;;;;;;;;;;;;;;;;;;;
CombatE1C4RJ3;"Je suis désolé Dhruv. Je voulais te faire plaisir, je voulais t'aider. Au lieu de cela, je t'ai mené à ta fin. Tu n'aurais jamais d? me suivre. Ta tendresse parle contre toi.";;;;;;;;;;;;;;;;;;;;;;;;;
CombatE1C4F1;"J'ai préfèré mourir en faisant ce que j'aime plut?t que de vivre en faisant ce que je n'aime pas, et je vais te le prouver encore une fois, en garde !";;;;;;;;;;;;;;;;;;;;;;;;;
CombatE1C4F2;"Nonsens ! Grace à toi, j'ai atteint la gloire dans ma vie ! Et je t'en remercie, je suis fier de ce que j'ai acompli, même si pour toi ce n'est rien ! Et je continuerais encore jusqu’à ce que je te batte !";;;;;;;;;;;;;;;;;;;;;;;;;
CombatE1C4RJ4;Combien de temps comptes-tu encore perdre ici ? Cet endroit n'est pas pour nous ! Ne sais-tu pas que nous pouvons nous réincarner ? ;;;;;;;;;;;;;;;;;;;;;;;;;
CombatE1C4RE2;"Je peux enfin pratiquer ici ce dont j'ai été privé toute ma vie et toi tu veux me priver de cette liberté ?! Je pensais que toi, au moins, tu me comprendrais !";;;;;;;;;;;;;;;;;;;;;;;;;
CombatE1C4RJ5;"Nous devons  à tout prix sortir d'ici ! Je te tirerais hors d'ici, quitte à emmener ton essence avec moi jusqu'à notre reincarnation ! Cette folie doit cesser !";;;;;;;;;;;;;;;;;;;;;;;;;
CombatE1C4RJ6;Ce que j'ai pris pour une envie de jeunesse est en train de devenir une obsession Dhruv ! Tu dois cesser de te perdre et passer à autre chose !;;;;;;;;;;;;;;;;;;;;;;;;;
CombatE1C4F3;Je refuse ! Plut?t rester mort mais libre que de retourner vivre une vie de contraintes et d'interdits ! ;;;;;;;;;;;;;;;;;;;;;;;;;
CombatE1C4F4;"Pourquoi le voir comme un problême alors que je ne fais de mal a personne ? Je sais que tu es comme moi, toi aussi tu voulais juste qu'on te laisse tranquille et faire ce que tu aimais ! Ici je peux le faire encore et encore ! Je ne te laisserais pas m'arreter !";;;;;;;;;;;;;;;;;;;;;;;;;
Alea1C1I;"Ah tiens, le revoilà ! Le grand roi daigne enfin rejoindre sa femme ! Quel honneur vous me faites là très cher !";;;;;;;;;;;;;;;;;;;;;;;;;
Alea1C1RJ1;"Ah tiens, le revoilà ! Le grand roi daigne enfin rejoindre sa femme ! Quel honneur vous me faites là très cher !";;;;;;;;;;;;;;;;;;;;;;;;;
Alea1C1RE1;"J'espère que mon roi ne m'en veut pas pour la pauvreté de ma condition, mon arrivée a été quelque peu brutale ! ";;;;;;;;;;;;;;;;;;;;;;;;;
Alea1C1RJ2;"Combien de fois encore vas-tu me reprocher le rite de sati, Arya ?";;;;;;;;;;;;;;;;;;;;;;;;;
Alea1C1RJ3;"Je sais que tu n'approuves pas ma décision, mais le sati est une tradition sacrée. Je me devais suivre l'enseignement de nos ancêtres.";;;;;;;;;;;;;;;;;;;;;;;;;
Alea1C1F1;"Autant de fois qu'il le faudra ! Tu avais le pouvoir de changer les choses, de dire adieu à ce rite barbare et tu n'a rien fait ! Regarde ce qu'ils m'ont fait, je suis dans une souffrance permanente depuis que je suis arrivée ici ! ";;;;;;;;;;;;;;;;;;;;;;;;;
Alea1C1F2;"Comment oses-tu ?! C'est une tradition barbare et tu le sais ! Mourir sur le bucher de son mari n'est pas un acte de foi, c'est une torture absolue ! Personne n'y gagne, et surtout pas les pauvres femmes qui s'y font jeter de force !";;;;;;;;;;;;;;;;;;;;;;;;;
Alea1C1RJ4;"Vraiment Arya ? Je suis à peine arrivé et tu commences déjà à être agressive ?! Tu en as déjà assez fait avant, mais même la mort ne te fait pas taire ?!";;;;;;;;;;;;;;;;;;;;;;;;;
Alea1C1RE2;"Notre fille doit vivre sans ses deux parents désormais ! J'aurais d? la voir grandir, j'aurais d? la chérir, j'aurais d? la guider ! Et tu oses encore me demander pourquoi je suis agressive ?! Quel genre de monstre es-tu ?!";;;;;;;;;;;;;;;;;;;;;;;;;
Alea1C1RJ5;Notre tradition et notre histoire l'éxigeaient. Comment notre nom aurait-il été retenu ? Comment notre fille l'aurait porté avec fierté si j'avais abandonné ce qui fait notre gloire ?;;;;;;;;;;;;;;;;;;;;;;;;;
Alea1C1RJ6;"Je la connais, notre fille est forte et suffisament grande désormais pour vivre sans nous. Elle n'aurait pas eu besoin de voir sa mère exilée. ";;;;;;;;;;;;;;;;;;;;;;;;;
Alea1C1F3;Notre histoire vaut donc plus que ma propre vie ? Tout ce que je vois en toi c'est de la peur ! La peur de perdre ta précieuse renommée ! Une fierté qui condamne les autres à l'enfer ! Tu parles d'un roi ! Je ne vois qu'un lache !;;;;;;;;;;;;;;;;;;;;;;;;;
Alea1C1F4;"Comment peux-tu prétendre ?a ?! Tu la connais à peine ! La pauvre petite n'a que 10 ans, elle doit être morte de peur et de solitude à l'heure qu'il est, pendant que moi je souffre encore et encore !";;;;;;;;;;;;;;;;;;;;;;;;;
Alea1C2I;"J'en ai assez ! Je n'en peux plus ! Je veux que tu t'excuses ! Que tu reconnaisse tes torts ! Que tu souffre autant que j'ai souffert ! Pour une fois dans ta vie parle moi, par les dieux ! Pourquoi as tu fais de ma vie et de ma mort un enfer ?!";;;;;;;;;;;;;;;;;;;;;;;;;
Alea1C2RJ1;"Quel torts ?! Quelle souffrance ?! J'ai souffert, réellement souffert, à la guerre pendant que toi tu restais en sécurité dans mon palais ! J'ai défendu mon pays pendant que toi, tu rendais ma vie aussi détestable que possible !";;;;;;;;;;;;;;;;;;;;;;;;;
Alea1C2RE1;"La guerre, c'est bien la seule chose que tu as jamais eu à la bouche ! C'est elle ta vraie femme, moi j'était à peine une amante qui n'avait même pas le droit à une caresse ! Tu n'avais qu'à l'épouser elle !";;;;;;;;;;;;;;;;;;;;;;;;;
Alea1C2RJ2;"... Quand je me reveillais la nuit, en sueur, à cause de visions de mort et de ruine, tu ne daignais même pas me donner un geste ou une parole réconfortante. Au mieux, tu me hurlais d'aller dans une autre pièce, comme on aboirait sur un chien mal dressé !";;;;;;;;;;;;;;;;;;;;;;;;;
Alea1C2RJ3;C'est donc ainsi que tu me vois réellement ? Un monstre sanguinaire qui aime plus la violence et le sang que sa propre femme ? ;;;;;;;;;;;;;;;;;;;;;;;;;
Alea1C2F1;"Toutes les nuits pendant 4 ans ! Je n'en pouvais plus ! Si l'étiquette ne l'ordonnait pas, nous aurions dormi dans deux chambres séparées bien avant d'en arriver là ! ";;;;;;;;;;;;;;;;;;;;;;;;;
Alea1C2F2;Parce que tu crois que je ne voyais pas dans tes yeux le plaisir que tu prennais quand tu me battais moi ou ma fille ? Que je ne voyais pas à travers le tissu ton érection quand tu nous frappais ? L'homme doux que j'ai reussi à aimer jadis est mort quand tu as remporté ta première bataille !;;;;;;;;;;;;;;;;;;;;;;;;;
Alea1C2RJ4;J'ai fait tout ce que j'ai pu pour toi ! Je t'ai donné une condition et plus d'or que bien des femmes ne peuvent rêver de posséder ! Et c'est comme ?a que tu me remercies ?!;;;;;;;;;;;;;;;;;;;;;;;;;
Alea1C2RE2;Pff ! Pitoyable ! Un pitoyable mensonge de la part d'une loque qui ose encore s'appeler mon mari ! Tu te prétend guerrier mais tu n'arrives même pas à dire la vérité à ta propre femme !;;;;;;;;;;;;;;;;;;;;;;;;;
Alea1C2RJ5;Tu oses prétendre que tu n'a pas vécu dans un palais doré ? Que je ne te couvrais pas de cadeaux de la tête aux pieds quand je rentrais ? Que tu n'avais pas une vie de luxe ?!;;;;;;;;;;;;;;;;;;;;;;;;;
Alea1C2RJ6;"... Dans d'autres circonstances, j'aurais peut-être pu faire plus. Mais cela faisait bien longtemps que tu ne me donnais plus de raison de le faire pour toi. ";;;;;;;;;;;;;;;;;;;;;;;;;
Alea1C2F3;"Tes cadeaux étaient sélectionnés par un serviteur, tu ne savais même pas ce que tu m'offrais ! Ils ne portent pas plus d'amour en eux que les mots creux que tu utilises pour pitoyablement essayer de te justifier. Je me moquais de tes cadeaux, c'était d'un mari aimant dont je voulais, pas d'objets vides de sens.";;;;;;;;;;;;;;;;;;;;;;;;;
Alea1C2F4;"Quand tu ne défoulais pas ta colère et tes coups sur moi, et que j'essayais de t'aider, tu me repoussais ! Tu ne m'as jamais laissée être à tes c?tés, et c'est une vérité que tu refuses d'accepter ! ";;;;;;;;;;;;;;;;;;;;;;;;;
Alea1C2RJ7;"C'est donc encore le rite de sati, hein ? J'ai essayé Arya, j'ai sincèrement essayé. Mais mes conseiller m'ont prevenu que le mécontentement serait trop grand. Rien n'est plus important en temps de guerre que la fidélité de son peuple.";;;;;;;;;;;;;;;;;;;;;;;;;
Alea1C2RE3;C'était pour ?a que j'ai brulé !? Pour ?a que j'ai été consummé par les flammes ?! Pour ?a que mes derniers instants m'ont fait souffrir le martyr ?! Pour du pouvoir ? Pour ne pas fragiliser ton précieux pouvoir ? J'aurais du mettre fin à mes jours quand notre mariage a été arrangé !;;;;;;;;;;;;;;;;;;;;;;;;;
Alea1C2RJ8;"J'ai essayé, Arya, vraiment. Je ne te l'ai pas dit parce que je ne voulais pas que tu vives dans la peur de ma mort...";;;;;;;;;;;;;;;;;;;;;;;;;
Alea1C2RJ9;"Non, c'était pour ne pas condamner un pays et des milliers de vies au prix de celle de ma femme ! Mes généraux ont commencé à s'insurger lorsque moi, qui me devait de diriger par l'exemple, demandais à être exempt de cette tradition ! J'ai d? me plier, même quand je les ai encouragés à abandonner le sati, rien n'a changé !  ";;;;;;;;;;;;;;;;;;;;;;;;;
Alea1C2F5;"... Mais j'ai vécu dans la peur. Et s'ajoutant à la peur j'avais la colère. Je croyais dur comme fer que tu te moquais de mon sort, que tu ne t'en étais jamais soucié. Tu aurais d? me le dire, beaucoup de choses auraient été différentes ...";;;;;;;;;;;;;;;;;;;;;;;;;
Alea1C2F6;"... Tu aurais du me le dire. Je serais allée trouver chaque femme, mère, fille, tante de tes généraux et ensemble, nous leur aurions tous fait vivre l'enfer qu'ils nous forcent subir ! Si seulement tu me l'avais dit, je n'aurais pas hésité, nous aurions pu faire tellement de choses ensemble. Si seulement tu avais osé me parler ... Si seulement ... ";;;;;;;;;;;;;;;;;;;;;;;;;
Alea1N1I;...;;;;;;;;;;;;;;;;;;;;;;;;;
Alea1N1RJ1;"Eh bah alors, minus ? Tu te rappelles de ma promesse ? Tu tiens ta langue tout seul maintenant que ton pote n'est plus la ?";;;;;;;;;;;;;;;;;;;;;;;;;
Alea1N1RE1;"Tu crois que tu es le premier à me menacer ainsi ? Je n'ai pas peur de toi, tu ne peux rien contre moi. Maintenant cesse de m'ennuyer avant que je ne te mette une notation désastreuse !";;;;;;;;;;;;;;;;;;;;;;;;;
Alea1N1RJ2;Je vais te faire voir si je ne peux rien ! Tu crois que cette lame est un jouet ?! Que je bluffe ? Je veux des réponses !;;;;;;;;;;;;;;;;;;;;;;;;;
Alea1N1RJ3;Tu as sacrément confiance en toi ! Tu crois que tu pourras m'arrêter avec tes parchemins ou que ta stupide notation a une importance pour moi ?;;;;;;;;;;;;;;;;;;;;;;;;;
Alea1N1F1;"Penses-tu vraiment que cette arme et tes vêtements existent ? Ils sont ton ame et tes croyances materialisés et ne sont là que parce que tu crois qu'ils existent. Sauf que ton ame est faible, ta lame est faible, donc maintenant du vent ! Je n'ai aucune réponse à te donner !";;;;;;;;;;;;;;;;;;;;;;;;;
Alea1N1F2;"Même dénudé je t'arrêterais. Le doute et la peur t'habitent, tu t'affaiblis tout seul. En ce lieu, seul celui qui est convaincu au plus profond de lui même d'être fort le devient et ne craint plus rien. Mais c'est une chose inimaginable pour un être humain que de n'avoir aucun doute et de croire en soi. Et toi, tu en es loin. Maintenant va, et ne reviens que lorsque tu auras appris cette le?on. ";;;;;;;;;;;;;;;;;;;;;;;;;
Alea1N1RJ4;"Qui êtes vous, toi et ton ami ? Qu'est ce que vous êtes ?";;;;;;;;;;;;;;;;;;;;;;;;;
Alea1N1RE2;"Des observateurs, rien de plus. Nous vous observons, vous les ames, afin de décider quelle réincarnation vous sied. Si tant est que vous arriviez au bout. Là est notre r?le, rien de plus, rien de moins. ";;;;;;;;;;;;;;;;;;;;;;;;;
Alea1N1RJ5;Quelle est la force qui vous donne le droit-là ? êtes vous des dieux ?;;;;;;;;;;;;;;;;;;;;;;;;;
Alea1N1RJ6;Un conseil à me donner pour arriver jusqu'au bout alors ? Une aide ? Quelque chose ?;;;;;;;;;;;;;;;;;;;;;;;;;
Alea1N1F3;"Je n'ai pas a te répondre. Le strict nécessaire est communiqué aux ames, toute information superflue ne ferait que vous déboussoler.  Nous ne sommes pas si importants, ce qui compte c'est vous, et surtout votre parcours ici ! ";;;;;;;;;;;;;;;;;;;;;;;;;
Alea1N1F4;"Toute aide directe nous est interdite, mais je peux te donner un conseil : Tu es ici pour évoluer et comprendre. Réalise pourquoi tu as fait du tords à tes semblables et ne perds pas espoir. Tu sortiras d'ici t?t ou tard; cet endroit n'est pas un enfer, mais un lieu d'aprentissage.";;;;;;;;;;;;;;;;;;;;;;;;;
Alea1N2I;"Oooooh, ?a alors, c'est toi ! Alors comment vas-tu ?! Tu as l'air mieux que la dernière fois, c'est bien ! Je m'excuse encore pour mon collègue, il est un peu plus à cheval sur les règles que moi, mais il a bon fond, tu verras !";;;;;;;;;;;;;;;;;;;;;;;;;
Alea1N2RJ1;"Enfin quelqu'un d'amical ! Dis moi, tu dois le savoir, sommes-nous ici dans le domaine des dieux ? Toute cette lumière, ces nuages, tout semble y faire allusion et pourtant, je n'y croise que des gens étranges !";;;;;;;;;;;;;;;;;;;;;;;;;
Alea1N2RE1;"Le domaine des dieux ?! Bien loin de là mon ami ! Ici, c'est le lieu où les ames perdues comme toi se rejoignent pour espérer accéder à leur nouvelle vie !";;;;;;;;;;;;;;;;;;;;;;;;;
Alea1N2RJ2;"Tout les illuminés que j'ai croisé sur ma route qui m'ont assuré que nous sommes arrivés à leur paradis, disent-ils la vérité ? Ou bien étais-ce faux, ?a aussi ? Se bercent-ils tous d'illusions ? ";;;;;;;;;;;;;;;;;;;;;;;;;
Alea1N2RJ3;Les ames se rejoignent... Est-ce que cela signifie que ma famille m'attend ici ?! Que je vais rencontrer mes ancêtres ?! ;;;;;;;;;;;;;;;;;;;;;;;;;
Alea1N2F1;"Le paradis ? Ici ?! Cet endroit n'existait même pas il y a 400 ans ! Non, le paradis ne se trouve pas ici... (marmonne) Je ne sais pas tout ce qu'ils font en dessous mais il faudra que j'aille vérifier tout ?a... Je dois te laisser, le devoir m'appelle ! Tache de ne pas mourir à nouveau ! ";;;;;;;;;;;;;;;;;;;;;;;;;
Alea1N2F2;"Bien s?r ! Je suis convaincu que vos retrouvailles seront... Mémorables ! Ne t'en fait pas, tu reverras tout ceux que tu as marqué j'en suis certain... Maintenant va ! Ils doivent tous attendre ta venue avec impatience !";;;;;;;;;;;;;;;;;;;;;;;;;
Alea1N2RJ4;"Ah te revoilà ! Dis moi, j'aurais besoin d'un coup de main, je n'arrive toujours pas à retrouver le souvenir que tu avais vu la dernière fois. Pourrais-tu m'aider ? ";;;;;;;;;;;;;;;;;;;;;;;;;
Alea1N2RE2;"Ah ! Désolé, ordre du chef, je ne peux pas t'aider, je n'ai pas envie de me faire taper sur les doigts ! J'aimerais vraiment t'assister, mais je ne peux pas. ";;;;;;;;;;;;;;;;;;;;;;;;;
Alea1N2RJ5;Tu es en train de me dire que le minus de la dernière fois est ton supérieur ? ;;;;;;;;;;;;;;;;;;;;;;;;;
Alea1N2RJ6;"Oh allez, tu n'as pas besoin de directement m'aider, mais n'y a-t-il vraiment rien que tu puisses faire pour moi ? Vraiment ? On est copains pourtant, non ?";;;;;;;;;;;;;;;;;;;;;;;;;
Alea1N2F3;"Fred ? Oh non ! Lui c'est juste mon collègue, ?a fait un temps qu'on a pas vu le patron ! Vraiment longtemps qu'on a pas vu le patron... Bref, j'ai d'autre ames à surveiller, désolé, et bonne chance !";;;;;;;;;;;;;;;;;;;;;;;;;
Alea1N2F4;"Ooooh je vais me faire taper sur les doigts... Bon, je peux t'aider à ""forcer un peu le destin"", mais ne le dis à personne ! Ooooh, j'espère que Fred ne va pas le remarquer ! (lui donne statut spécial)";;;;;;;;;;;;;;;;;;;;;;;;;
Alea1C3I;"… Au moins cette fois, tu n'empestes pas trop le sang et la mort. Tu as meme l'air d'humeur à parler, je suppose que c'est déjà mieux que rien. ";;;;;;;;;;;;;;;;;;;;;;;;;
Alea1C3RJ1;"Arya, tu m'excuseras d'avoir eu une invasion ottomane à repousser mais d'avoir quand même essayé de rentrer de temps en temps pour diner. ";;;;;;;;;;;;;;;;;;;;;;;;;
Alea1C3RE1;"Je ne te reproche pas d'avoir fait la guerre. Je ne te reproche même pas qu'elle t'ai changé. Non, ce que je te reproche, c'est que tu aies fini par l'aimer plus que moi. ";;;;;;;;;;;;;;;;;;;;;;;;;
Alea1C3RJ2;Je vous aimais et vous détestais tout autant l'une que l'autre.;;;;;;;;;;;;;;;;;;;;;;;;;
Alea1C3RJ3;"Je t'aimais, mais... Quand je n'étais pas sur les champs de bataille, je sentais en moi un vide infini grandir. La vie au palais me semblait si fade et insipide. Au moins, en train d'occire mes ennemis je me sentais si ... Vivant. Mais je ne m'attends pas à ce que tu comprennes.";;;;;;;;;;;;;;;;;;;;;;;;;
Alea1C3F1;"Pourtant tu n'es jamais rentré chez nous, voir ton épouse et la chair de ta chair avec un grand sourire. Au contraire, quand on t'appelait au combat, c'étaient les seuls instants où je voyais ton visage devenir radieux... Aie au moins la décence de le reconnaitre. ";;;;;;;;;;;;;;;;;;;;;;;;;
Alea1C3F2;"Tu as raison, je ne pourrais jamais comprendre. Je ne pourrais jamais, moi qui me sentais si vivante en voyant notre fille grandir et devenir une femme. Alors que toi, tu n'as jamais connu ce plaisir. Toi, que je plains si fort de devoir tuer pour se sentir vivant, quand tu avais la vie sous la forme de l'amour de ta fille à la maison.";;;;;;;;;;;;;;;;;;;;;;;;;
Alea1C3RJ4;"Merci de le remarquer Arya, je me suis assuré de ne pas brutaliser tes sens délicats. ";;;;;;;;;;;;;;;;;;;;;;;;;
Alea1C3RE2;Mes sens délicats ? Bien des femmes se seraient enfuies après seulement le quart de ce que tu as fait à mes sens. ;;;;;;;;;;;;;;;;;;;;;;;;;
Alea1C3RJ5;"Tu ne peux pas t'en empêcher, hein ? Toujours et encore à exagérer et me depeindre comme un monstre assoiffé de sang. ";;;;;;;;;;;;;;;;;;;;;;;;;
Alea1C3RJ6;Et pourquoi ne l'as tu pas fait Arya ? Pourquoi ne t'es-tu pas enfuie ? Pourquoi n'as-tu pas disparu ? J'aurais enfin connu un peu de sérénité !;;;;;;;;;;;;;;;;;;;;;;;;;
Alea1C3F3;"Je te rappellerais ?a, la prochaine fois que tu me frappera parce que je te donnerais une réponse qui ne te plait pas.";;;;;;;;;;;;;;;;;;;;;;;;;
Alea1C3F4;"Appelle moi sotte, mais j'ai toujours espoir. Espoir que l'homme que j'ai un jour connu et reussi à aimé existe encore, embourbé dans la fosse à purin qu'il est devenu. Espoir qu'il revienne un jour pour aider notre fille à devenir une femme. Même s'il est trop tard à présent ...     ";;;;;;;;;;;;;;;;;;;;;;;;;
Alea1C4I;Une part de moi est heureux que nous puissions nous retrouver et converser ici en paix. J'ai passé trop de temps à ne plus pouvoir te regarder en face ni te parler. La mort a cela de bon qu'elle apaise les colères et délie les langues. ;;;;;;;;;;;;;;;;;;;;;;;;;
Alea1C4RJ1;"Je vous comprends, maitre. C'est un fils que vous avez perdu. Quant à moi, j'ai perdu un cousin, un maitre, et le seul conseiller auquel j'ai jamais pu faire confiance.";;;;;;;;;;;;;;;;;;;;;;;;;
Alea1C4RE1;"Tu as souffert aussi, de toute évidence. Les poids des morts et de la couronne sont bien lourds quand plus personne aux alentours n'est digne de confiance.";;;;;;;;;;;;;;;;;;;;;;;;;
Alea1C4RJ2;"Je n'avais personne à qui parler, personne qui ne me comprenne réellement, personne pour me soutenir. Personne n'était sincère et sans l'arrière-pensée de m'utiliser, d'une manière ou d'une autre. Pas même ma propre famille ... ";;;;;;;;;;;;;;;;;;;;;;;;;
Alea1C4RJ3;"Quand ils prétendaient me guider et me conseiller, je les voyais tenter de me manipuler pour leurs intérêts propres. Une guerre ne suffisait pas à les arrêter, leurs maudites querelles intestines ne connaissaient plus de fin !";;;;;;;;;;;;;;;;;;;;;;;;;
Alea1C4F1;"Tel a été ta ran?on à payer pour avoir ceuilli la vie de mon fils. Tu peux t'estimer chanceux, si la situation avait été inversée, je doute que tu aurais été aussi magnanime que je l'ai été.";;;;;;;;;;;;;;;;;;;;;;;;;
Alea1C4F2;"Tes paroles portent le poison de l'accusation. Pourrais-tu jurer qu'ils te manipulaient pour leur profit ? Qu'ils n'essayaient pas de rendre le royaume meilleur ? Tu es têtu, mon neuveu, et pas un cadeau lorsqu'il faut t'épauler. Au lieu de les juger, demande toi si tu étais à la hauteur, si tu n'aurais pas pu mieux faire ? ";;;;;;;;;;;;;;;;;;;;;;;;;
Alea1C4RJ4;"Votre pardon est incompréhensible, maitre ! Comment pardonner à celui qui a tué votre premier fils ?! L'acte que j'ai commis est impardonnable ! ";;;;;;;;;;;;;;;;;;;;;;;;;
Alea1C4RE2;"Regarde autour de nous. Sa mort n'est pas sa fin, il est certainement quelque part ici. Comment continuer à t'en vouloir quand je sais qu'il existe encore ? Qui sait, dans une prochaine vie sera-t-il peut-être mon père. ";;;;;;;;;;;;;;;;;;;;;;;;;
Alea1C4RJ5;"Tant de souvenirs avortés avant même avoir pu être vécus, un enfant arraché des bras de son père, une lignée mise en danger, des traditions bafouées, tout cela par ma main ! Comment pouvez-vous rester si calme ?! ";;;;;;;;;;;;;;;;;;;;;;;;;
Alea1C4RJ6;"Comment arrivez-vous à me pardonner, quand je n'arrive toujours pas à me pardonner moi-même ?!";;;;;;;;;;;;;;;;;;;;;;;;;
Alea1C4F3;"Cet endroit force ses passants à prendre du recul. Ma lignée est bien vigoureuse et j'ai l'espoir de créer de nouveaux souvenirs avec lui ici. Et en toute honnêteté, il était le plus ... ""simple"" de mes enfants. ";;;;;;;;;;;;;;;;;;;;;;;;;
Alea1C4F4;"Je pense que c'est tout l'intérêt de ce lieux. Je pourais perdre ma voix et ma salive, tant que le changement ne vient pas de toi même, rien ne changera en ton ame. Avant d'espérer le pardon des autres, réalise la portée de tes actes et trouve la force de te pardonner toi même. ";;;;;;;;;;;;;;;;;;;;;;;;;
Alea1C5I;"Mon neveu, il est grand temps que nous discutions de quelque chose qui pèse lourdement sur mon esprit. Lorsque tu as accepté d'entra?ner Dhruv à l'art de l'épée, tu as brisé les traditions des castes, et cela a eu des conséquences tragiques.";;;;;;;;;;;;;;;;;;;;;;;;;
Alea1C5RJ1;"Maitre, je ne peux m'empêcher de penser à Dhruv. Il est vrai, j'ai accepté de l'entra?ner avec moi lors de la guerre, malgré sa caste. J'ai brisé les traditions, et il en est mort.";;;;;;;;;;;;;;;;;;;;;;;;;
Alea1C5RE1;Tu as toujours été trop fier et cette fierté te perdra. Les traditions des castes existent pour une raison. Enfreindre ces règles a eu des conséquences graves ... Tu aurais d? le savoir. ;;;;;;;;;;;;;;;;;;;;;;;;;
Alea1C5RJ2;"Je sais, mon oncle, mais il voulait se battre ! Il avait cette passion, et je ne pouvais pas lui refuser mon mentorat. J'ai cru que je pouvais faire la différence pour lui !";;;;;;;;;;;;;;;;;;;;;;;;;
Alea1C5RJ3;"Il était plus enthousiaste que tout mes soldats reunis ! Il avait cette fougue et cette lueur dans les yeux, une flamme indomptable ! Je me suis reconnu en lui, je n'ai pas pu l'arrêter... J'aurais d? lui dire que son corps était trop fragile car je le savais... Mais je me voilais la face. ";;;;;;;;;;;;;;;;;;;;;;;;;
Alea1C5F1;"La passion ne justifie pas l'enfreinte des traditions. Notre caste est notre identité et notre responsabilité. En brisant ces liens, tu as altéré le desin de mon fils et causé sa mort. J'espère qu'ici, au moins, tu arriveras à faire amende honorable et t'éloigner de cette fausse route.   ";;;;;;;;;;;;;;;;;;;;;;;;;
Alea1C5F2;"Trop fragile, trop enthousiaste, là n'est pas la question ! Nous naissons dans une caste avec un karma qui nous est propre pour une raison dans la grande balance des choses. Tu as enfreint une de nos règles les plus élémentaires et tes actions ont perturbé vos karmas. Je ne suis pas surpris que tu sois tant perdu ici.";;;;;;;;;;;;;;;;;;;;;;;;;
Alea1C5RJ4;"Je le regrette amèrement, mon oncle. Je ne voulais que le meilleur pour lui. Mais maintenant, il est passé au-delà, et je me sens responsable de sa mort.";;;;;;;;;;;;;;;;;;;;;;;;;
Alea1C5RE2;Le chemin de la sagesse passe par la compréhension de nos actions passées. Nous devons tout apprendre de nos erreurs. As tu honoré sa mémoire selon nos traditions ?;;;;;;;;;;;;;;;;;;;;;;;;;
Alea1C5RJ5;"J'ai appris mon oncle. C'est ce jour-là que j'ai que j'ai pleinement compris l'importance des castes et que ne pas suivre cet ordre des choses mène au déséquilibre et à la mort. Depuis cet incident, j'ai oeuvré pour les faire appliquer avec rigueur. ";;;;;;;;;;;;;;;;;;;;;;;;;
Alea1C5RJ6;"Oui, j'ai compris ce jour-là. J'ai compris ma place et celle des autres. Je n'ai eu cesse de pratiquer et d'honorer ce pourquoi je suis né ; l'art de la guerre.";;;;;;;;;;;;;;;;;;;;;;;;;
Alea1C5F3;"C'est le meilleur que nous ne puissions faire. Apprendre de nos erreurs, trouver la paix et préserver l'essentiel.";;;;;;;;;;;;;;;;;;;;;;;;;
Alea1C5F4;"Bien, car telle est ta place ! Elle te convient à merveille, tu es un guerrier-né. ";;;;;;;;;;;;;;;;;;;;;;;;;
CombatE1B1I;"Encore toi ? Si obstiné, mon dernier prêche ne t'a pas suffi. Et pourtant, tu me rappelles qui j'étais, il y a longtemps, une guerriere également. Et tout comme toi, il a fallu m'imposer le repos éternel pour me stopper.     ";;;;;;;;;;;;;;;;;;;;;;;;;
CombatE1B1RJ1;"Es-tu un demi dieu ? Un avatar ? Même dans la mort tu sembles unique, mais qui es tu réellement ?";;;;;;;;;;;;;;;;;;;;;;;;;
CombatE1B1RE1;"Tous ces noms ne signifient rien. De même que toi, je fus une ame mortelle, une brebis qui a rejoint son troupeau, et qui, grace f?t louée à son berger, l'Eternel, a rejoint les rangs bénis des élus ! ";;;;;;;;;;;;;;;;;;;;;;;;;
CombatE1B1RJ2;"Ainsi donc tes pieds foulaient la même terre que moi ? J'ai du mal à la croire, j'aurais aimé pouvoir te croiser quand nous étions encore vivants tout les deux.";;;;;;;;;;;;;;;;;;;;;;;;;
CombatE1B1RJ3;Tu n'a pas toujours été ainsi ? Que t'es-t-il arrivé dans la mort pour que tu te transformes ? ;;;;;;;;;;;;;;;;;;;;;;;;;
CombatE1B1RJ4;Tch ! Je me demande bien quel genre de dieu est le tien s'il respecte si peu ses croyants en les obligeant à encore se battre dans son paradis ! ;;;;;;;;;;;;;;;;;;;;;;;;;
CombatE1B1F1;"Nous ne sommes pas faits de la même argile toi et moi ! Même alors mortelle j'entendais Saint Michel m'enjoindre de repousser l'envahisseur ! à présent le bras armé du Seigneur, je repousse les hérétiques qui essaieraient de franchir cette porte, et ma mission est mon ultime priorité !";;;;;;;;;;;;;;;;;;;;;;;;;
CombatE1B1F2;"à chaque bataille remportée en Son nom, j'étais récompensée  et je sentais ma Foi déjà inou?e s'étendre encore. Mon évolution est infinie au même titre que mes batailles, tu n'en es qu'une de plus, et lorsque je la remporterais je ne serais que plus digne de Ses louanges ! ";;;;;;;;;;;;;;;;;;;;;;;;;
CombatE1B1F3;Impie ! Dieu promet à ses meilleurs soldats ses plus ardentes batailles ! C'est un honneur que de les affronter en Son nom !  ;;;;;;;;;;;;;;;;;;;;;;;;;
CombatE1B1RJ5;Ainsi donc nous sommes tout les deux des guerriers. Peut être nous sommes nous déja battu dans d'autres vies.;;;;;;;;;;;;;;;;;;;;;;;;;
CombatE1B1RE2;"Je n'ai pas choisi le destin de la lame, car c'est le Seigneur lui-même qui m'a enjointe à me battre en Son nom. ";;;;;;;;;;;;;;;;;;;;;;;;;
CombatE1B1RJ6;"C'est bien là, la différence entre toi et moi et qui fera de moi le vainqueur de nos affrontements. Tu n'as pas choisi la voie de la guerre, tandis que par mon sang je suis né pour elle. ";;;;;;;;;;;;;;;;;;;;;;;;;
CombatE1B1RJ7;"Ton dieu semble bien démuni, s'il doit envoyer une femme pour faire la guerre à sa place. ";;;;;;;;;;;;;;;;;;;;;;;;;
CombatE1B1RJ8;"Une fière guerrière ayant juré de servir une cause injuste, quel gachis. J'ai affronté bon nombre de gens comme toi toute ma vie, et ce n'est pas dans la mort que je n'arrêterais, j'irais au-delà de ce passage gardienne !";;;;;;;;;;;;;;;;;;;;;;;;;
CombatE1B1F4;"Ton arrogance fait frémir mon ame ! Ton sang, que tu penses être plus puissant que l'Eternel, coulera sur ce sol sacré lorsque je te renverrais auprès des ces ancêtres que tu révères tant ! ";;;;;;;;;;;;;;;;;;;;;;;;;
CombatE1B1F5;"Dieu a un dessein pour chacun d'entre nous et c'est Son plus grand cadeau, mais tu as choisi de le bafouer ! Cette insulte ne restera pas impunie, puisse Sa lame br?ler tes chairs !";;;;;;;;;;;;;;;;;;;;;;;;;
CombatE1B1F6;" Tu es tel un enfant. J'essaie de te protéger de la flamme qui va te blesser, et pourtant tu y retournes sans cesse ! Lorsque tu t'y seras brulé, il sera trop tard, je ne te laisserais pas faire ! ";;;;;;;;;;;;;;;;;;;;;;;;;
CombatE1B1RJ9;"Visiblement, même la mort ne t'a pas réellement arrêtée. Tu gardes toujours férouchement ce passage. N'es tu jamais fatiguée ? N'as tu pas mérité le repos face à ton dieu ? ";;;;;;;;;;;;;;;;;;;;;;;;;
CombatE1B1RE3;Le Seigneur a d'autres desseins pour moi que de déposer mon épée ! Je suis la gardienne de Ses terres et c'est ma voie que de la défendre sans relache face aux impies ! ;;;;;;;;;;;;;;;;;;;;;;;;;
CombatE1B1RJ10;"Ton dieu est si cruel. Même morte, il ne te laisse pas lacher ton épée, et te force à te battre, sans relache. Je connais ta fatigue, moi aussi j'ai souffert du plaisir et savouré la douleur des batailles sans fin. Je te souhaite de connaitre une prochaine vie apaisée, loin de la clameur des combats.";;;;;;;;;;;;;;;;;;;;;;;;;
CombatE1B1RJ11;"Le dieu que tu décris a l'air bien capricieux, comment peux-tu être s?re qu'il ne s'amuse pas de t'utiliser comme un jouet ? ";;;;;;;;;;;;;;;;;;;;;;;;;
CombatE1B1RJ12;"J'ai connu quelqu'un qui lui aussi croyait en son coeur être déstiné à être un guerrier. Mais, bien que son coeur soit ardent, cette voie n'était pas la sienne... Peut-être devrais-tu te questionner avant de dispara?tre toi aussi.";;;;;;;;;;;;;;;;;;;;;;;;;
CombatE1B1F7;"Comment oses-tu parler ainsi de Lui ? Les épreuves qu'il nous donne peuvent être surmontées pour peu que l'on ait la Foi. Qu'importe la douleur, qu'importe les flammes .. qu'importent les larmes ... Seigneur ! J'ai foi en Vous, et je surmonterais cette épreuve en Votre nom !";;;;;;;;;;;;;;;;;;;;;;;;;
CombatE1B1F8;"Les voies du Seigneur sont impénétrables, mais Il est bon et juste. Ce n'est pas mon r?le que de questionner Ses ordres. Même si la fatigue et la douleur venaient à m'assaillir, elles ne sont rien face à Sa bénédiction, que je m'apprête à accueillir en suivant Son chemin ! ";;;;;;;;;;;;;;;;;;;;;;;;;
CombatE1B1F9;"Ce n'est pas qu'en mon coeur que je ressens Sa voie ! Il guide mes gestes, Ses mots sont les miens ainsi que Sa vision ! Seigneur, emplissez moi de Votre puissance, et retirons une nouvelle fois cette souillure de Vos terres sacrées ! ";;;;;;;;;;;;;;;;;;;;;;;;;
;;;;;;;;;;;;;;;;;;;;;;;;;;
;;;;;;;;;;;;;;;;;;;;;;;;;;
;;;;;;;;;;;;;;;;;;;;;;;;;;
;;;;;;;;;;;;;;;;;;;;;;;;;;
;;;;;;;;;;;;;;;;;;;;;;;;;;
;;;;;;;;;;;;;;;;;;;;;;;;;;
;;;;;;;;;;;;;;;;;;;;;;;;;;
;;;;;;;;;;;;;;;;;;;;;;;;;;
;;;;;;;;;;;;;;;;;;;;;;;;;;
;;;;;;;;;;;;;;;;;;;;;;;;;;
;;;;;;;;;;;;;;;;;;;;;;;;;;
;;;;;;;;;;;;;;;;;;;;;;;;;;
;;;;;;;;;;;;;;;;;;;;;;;;;;
;;;;;;;;;;;;;;;;;;;;;;;;;;
;;;;;;;;;;;;;;;;;;;;;;;;;;
;;;;;;;;;;;;;;;;;;;;;;;;;;
;;;;;;;;;;;;;;;;;;;;;;;;;;
;;;;;;;;;;;;;;;;;;;;;;;;;;
;;;;;;;;;;;;;;;;;;;;;;;;;;
;;;;;;;;;;;;;;;;;;;;;;;;;;
;;;;;;;;;;;;;;;;;;;;;;;;;;
;;;;;;;;;;;;;;;;;;;;;;;;;;
;;;;;;;;;;;;;;;;;;;;;;;;;;
;;;;;;;;;;;;;;;;;;;;;;;;;;
;;;;;;;;;;;;;;;;;;;;;;;;;;
;;;;;;;;;;;;;;;;;;;;;;;;;;
;;;;;;;;;;;;;;;;;;;;;;;;;;
;;;;;;;;;;;;;;;;;;;;;;;;;;
;;;;;;;;;;;;;;;;;;;;;;;;;;
;;;;;;;;;;;;;;;;;;;;;;;;;;
;;;;;;;;;;;;;;;;;;;;;;;;;;
;;;;;;;;;;;;;;;;;;;;;;;;;;
;;;;;;;;;;;;;;;;;;;;;;;;;;
;;;;;;;;;;;;;;;;;;;;;;;;;;
;;;;;;;;;;;;;;;;;;;;;;;;;;
;;;;;;;;;;;;;;;;;;;;;;;;;;
;;;;;;;;;;;;;;;;;;;;;;;;;;
;;;;;;;;;;;;;;;;;;;;;;;;;;
;;;;;;;;;;;;;;;;;;;;;;;;;;
;;;;;;;;;;;;;;;;;;;;;;;;;;
;;;;;;;;;;;;;;;;;;;;;;;;;;
;;;;;;;;;;;;;;;;;;;;;;;;;;
;;;;;;;;;;;;;;;;;;;;;;;;;;
;;;;;;;;;;;;;;;;;;;;;;;;;;
;;;;;;;;;;;;;;;;;;;;;;;;;;
;;;;;;;;;;;;;;;;;;;;;;;;;;
;;;;;;;;;;;;;;;;;;;;;;;;;;
;;;;;;;;;;;;;;;;;;;;;;;;;;
;;;;;;;;;;;;;;;;;;;;;;;;;;
;;;;;;;;;;;;;;;;;;;;;;;;;;
;;;;;;;;;;;;;;;;;;;;;;;;;;
;;;;;;;;;;;;;;;;;;;;;;;;;;
;;;;;;;;;;;;;;;;;;;;;;;;;;
;;;;;;;;;;;;;;;;;;;;;;;;;;
;;;;;;;;;;;;;;;;;;;;;;;;;;
;;;;;;;;;;;;;;;;;;;;;;;;;;
;;;;;;;;;;;;;;;;;;;;;;;;;;
;;;;;;;;;;;;;;;;;;;;;;;;;;
;;;;;;;;;;;;;;;;;;;;;;;;;;
;;;;;;;;;;;;;;;;;;;;;;;;;;
;;;;;;;;;;;;;;;;;;;;;;;;;;
;;;;;;;;;;;;;;;;;;;;;;;;;;
;;;;;;;;;;;;;;;;;;;;;;;;;;
;;;;;;;;;;;;;;;;;;;;;;;;;;
;;;;;;;;;;;;;;;;;;;;;;;;;;
;;;;;;;;;;;;;;;;;;;;;;;;;;
;;;;;;;;;;;;;;;;;;;;;;;;;;
;;;;;;;;;;;;;;;;;;;;;;;;;;
;;;;;;;;;;;;;;;;;;;;;;;;;;
;;;;;;;;;;;;;;;;;;;;;;;;;;
;;;;;;;;;;;;;;;;;;;;;;;;;;
;;;;;;;;;;;;;;;;;;;;;;;;;;
;;;;;;;;;;;;;;;;;;;;;;;;;;
;;;;;;;;;;;;;;;;;;;;;;;;;;
;;;;;;;;;;;;;;;;;;;;;;;;;;
;;;;;;;;;;;;;;;;;;;;;;;;;;
;;;;;;;;;;;;;;;;;;;;;;;;;;
;;;;;;;;;;;;;;;;;;;;;;;;;;
;;;;;;;;;;;;;;;;;;;;;;;;;;
;;;;;;;;;;;;;;;;;;;;;;;;;;
;;;;;;;;;;;;;;;;;;;;;;;;;;
;;;;;;;;;;;;;;;;;;;;;;;;;;
;;;;;;;;;;;;;;;;;;;;;;;;;;
;;;;;;;;;;;;;;;;;;;;;;;;;;
;;;;;;;;;;;;;;;;;;;;;;;;;;
;;;;;;;;;;;;;;;;;;;;;;;;;;
;;;;;;;;;;;;;;;;;;;;;;;;;;
;;;;;;;;;;;;;;;;;;;;;;;;;;
;;;;;;;;;;;;;;;;;;;;;;;;;;
;;;;;;;;;;;;;;;;;;;;;;;;;;
;;;;;;;;;;;;;;;;;;;;;;;;;;
;;;;;;;;;;;;;;;;;;;;;;;;;;
;;;;;;;;;;;;;;;;;;;;;;;;;;
;;;;;;;;;;;;;;;;;;;;;;;;;;
;;;;;;;;;;;;;;;;;;;;;;;;;;
;;;;;;;;;;;;;;;;;;;;;;;;;;
;;;;;;;;;;;;;;;;;;;;;;;;;;
;;;;;;;;;;;;;;;;;;;;;;;;;;
;;;;;;;;;;;;;;;;;;;;;;;;;;
;;;;;;;;;;;;;;;;;;;;;;;;;;
;;;;;;;;;;;;;;;;;;;;;;;;;;
;;;;;;;;;;;;;;;;;;;;;;;;;;
;;;;;;;;;;;;;;;;;;;;;;;;;;
;;;;;;;;;;;;;;;;;;;;;;;;;;
;;;;;;;;;;;;;;;;;;;;;;;;;;
;;;;;;;;;;;;;;;;;;;;;;;;;;
;;;;;;;;;;;;;;;;;;;;;;;;;;
;;;;;;;;;;;;;;;;;;;;;;;;;;
;;;;;;;;;;;;;;;;;;;;;;;;;;
;;;;;;;;;;;;;;;;;;;;;;;;;;
;;;;;;;;;;;;;;;;;;;;;;;;;;
;;;;;;;;;;;;;;;;;;;;;;;;;;
;;;;;;;;;;;;;;;;;;;;;;;;;;
;;;;;;;;;;;;;;;;;;;;;;;;;;
;;;;;;;;;;;;;;;;;;;;;;;;;;
;;;;;;;;;;;;;;;;;;;;;;;;;;
;;;;;;;;;;;;;;;;;;;;;;;;;;
;;;;;;;;;;;;;;;;;;;;;;;;;;
;;;;;;;;;;;;;;;;;;;;;;;;;;
;;;;;;;;;;;;;;;;;;;;;;;;;;
;;;;;;;;;;;;;;;;;;;;;;;;;;
;;;;;;;;;;;;;;;;;;;;;;;;;;
;;;;;;;;;;;;;;;;;;;;;;;;;;
;;;;;;;;;;;;;;;;;;;;;;;;;;
;;;;;;;;;;;;;;;;;;;;;;;;;;
;;;;;;;;;;;;;;;;;;;;;;;;;;
;;;;;;;;;;;;;;;;;;;;;;;;;;
;;;;;;;;;;;;;;;;;;;;;;;;;;
;;;;;;;;;;;;;;;;;;;;;;;;;;
;;;;;;;;;;;;;;;;;;;;;;;;;;
;;;;;;;;;;;;;;;;;;;;;;;;;;
;;;;;;;;;;;;;;;;;;;;;;;;;;
;;;;;;;;;;;;;;;;;;;;;;;;;;
;;;;;;;;;;;;;;;;;;;;;;;;;;
;;;;;;;;;;;;;;;;;;;;;;;;;;
;;;;;;;;;;;;;;;;;;;;;;;;;;
;;;;;;;;;;;;;;;;;;;;;;;;;;
;;;;;;;;;;;;;;;;;;;;;;;;;;
;;;;;;;;;;;;;;;;;;;;;;;;;;
;;;;;;;;;;;;;;;;;;;;;;;;;;
;;;;;;;;;;;;;;;;;;;;;;;;;;
;;;;;;;;;;;;;;;;;;;;;;;;;;
;;;;;;;;;;;;;;;;;;;;;;;;;;
;;;;;;;;;;;;;;;;;;;;;;;;;;
;;;;;;;;;;;;;;;;;;;;;;;;;;
;;;;;;;;;;;;;;;;;;;;;;;;;;
;;;;;;;;;;;;;;;;;;;;;;;;;;
;;;;;;;;;;;;;;;;;;;;;;;;;;
;;;;;;;;;;;;;;;;;;;;;;;;;;
;;;;;;;;;;;;;;;;;;;;;;;;;;
;;;;;;;;;;;;;;;;;;;;;;;;;;
;;;;;;;;;;;;;;;;;;;;;;;;;;
;;;;;;;;;;;;;;;;;;;;;;;;;;
;;;;;;;;;;;;;;;;;;;;;;;;;;
;;;;;;;;;;;;;;;;;;;;;;;;;;
;;;;;;;;;;;;;;;;;;;;;;;;;;
;;;;;;;;;;;;;;;;;;;;;;;;;;
;;;;;;;;;;;;;;;;;;;;;;;;;;
;;;;;;;;;;;;;;;;;;;;;;;;;;
;;;;;;;;;;;;;;;;;;;;;;;;;;
;;;;;;;;;;;;;;;;;;;;;;;;;;
;;;;;;;;;;;;;;;;;;;;;;;;;;
;;;;;;;;;;;;;;;;;;;;;;;;;;
;;;;;;;;;;;;;;;;;;;;;;;;;;
;;;;;;;;;;;;;;;;;;;;;;;;;;
;;;;;;;;;;;;;;;;;;;;;;;;;;
;;;;;;;;;;;;;;;;;;;;;;;;;;
;;;;;;;;;;;;;;;;;;;;;;;;;;
;;;;;;;;;;;;;;;;;;;;;;;;;;
;;;;;;;;;;;;;;;;;;;;;;;;;;
;;;;;;;;;;;;;;;;;;;;;;;;;;
;;;;;;;;;;;;;;;;;;;;;;;;;;
;;;;;;;;;;;;;;;;;;;;;;;;;;
;;;;;;;;;;;;;;;;;;;;;;;;;;
;;;;;;;;;;;;;;;;;;;;;;;;;;
;;;;;;;;;;;;;;;;;;;;;;;;;;
;;;;;;;;;;;;;;;;;;;;;;;;;;
;;;;;;;;;;;;;;;;;;;;;;;;;;
;;;;;;;;;;;;;;;;;;;;;;;;;;
;;;;;;;;;;;;;;;;;;;;;;;;;;
;;;;;;;;;;;;;;;;;;;;;;;;;;
;;;;;;;;;;;;;;;;;;;;;;;;;;
;;;;;;;;;;;;;;;;;;;;;;;;;;
;;;;;;;;;;;;;;;;;;;;;;;;;;
;;;;;;;;;;;;;;;;;;;;;;;;;;
;;;;;;;;;;;;;;;;;;;;;;;;;;
;;;;;;;;;;;;;;;;;;;;;;;;;;
;;;;;;;;;;;;;;;;;;;;;;;;;;
;;;;;;;;;;;;;;;;;;;;;;;;;;
;;;;;;;;;;;;;;;;;;;;;;;;;;
;;;;;;;;;;;;;;;;;;;;;;;;;;
;;;;;;;;;;;;;;;;;;;;;;;;;;
;;;;;;;;;;;;;;;;;;;;;;;;;;
;;;;;;;;;;;;;;;;;;;;;;;;;;
;;;;;;;;;;;;;;;;;;;;;;;;;;
;;;;;;;;;;;;;;;;;;;;;;;;;;
;;;;;;;;;;;;;;;;;;;;;;;;;;
;;;;;;;;;;;;;;;;;;;;;;;;;;
;;;;;;;;;;;;;;;;;;;;;;;;;;
;;;;;;;;;;;;;;;;;;;;;;;;;;
;;;;;;;;;;;;;;;;;;;;;;;;;;
;;;;;;;;;;;;;;;;;;;;;;;;;;
;;;;;;;;;;;;;;;;;;;;;;;;;;
;;;;;;;;;;;;;;;;;;;;;;;;;;
;;;;;;;;;;;;;;;;;;;;;;;;;;
;;;;;;;;;;;;;;;;;;;;;;;;;;
;;;;;;;;;;;;;;;;;;;;;;;;;;
;;;;;;;;;;;;;;;;;;;;;;;;;;
;;;;;;;;;;;;;;;;;;;;;;;;;;
;;;;;;;;;;;;;;;;;;;;;;;;;;
;;;;;;;;;;;;;;;;;;;;;;;;;;
;;;;;;;;;;;;;;;;;;;;;;;;;;
;;;;;;;;;;;;;;;;;;;;;;;;;;
;;;;;;;;;;;;;;;;;;;;;;;;;;
;;;;;;;;;;;;;;;;;;;;;;;;;;
;;;;;;;;;;;;;;;;;;;;;;;;;;
;;;;;;;;;;;;;;;;;;;;;;;;;;
;;;;;;;;;;;;;;;;;;;;;;;;;;
;;;;;;;;;;;;;;;;;;;;;;;;;;
;;;;;;;;;;;;;;;;;;;;;;;;;;
;;;;;;;;;;;;;;;;;;;;;;;;;;
;;;;;;;;;;;;;;;;;;;;;;;;;;
;;;;;;;;;;;;;;;;;;;;;;;;;;
;;;;;;;;;;;;;;;;;;;;;;;;;;
;;;;;;;;;;;;;;;;;;;;;;;;;;
;;;;;;;;;;;;;;;;;;;;;;;;;;
;;;;;;;;;;;;;;;;;;;;;;;;;;
;;;;;;;;;;;;;;;;;;;;;;;;;;
;;;;;;;;;;;;;;;;;;;;;;;;;;
;;;;;;;;;;;;;;;;;;;;;;;;;;
;;;;;;;;;;;;;;;;;;;;;;;;;;
;;;;;;;;;;;;;;;;;;;;;;;;;;
;;;;;;;;;;;;;;;;;;;;;;;;;;
;;;;;;;;;;;;;;;;;;;;;;;;;;
;;;;;;;;;;;;;;;;;;;;;;;;;;
;;;;;;;;;;;;;;;;;;;;;;;;;;
;;;;;;;;;;;;;;;;;;;;;;;;;;
;;;;;;;;;;;;;;;;;;;;;;;;;;
;;;;;;;;;;;;;;;;;;;;;;;;;;
;;;;;;;;;;;;;;;;;;;;;;;;;;
;;;;;;;;;;;;;;;;;;;;;;;;;;
;;;;;;;;;;;;;;;;;;;;;;;;;;
;;;;;;;;;;;;;;;;;;;;;;;;;;
;;;;;;;;;;;;;;;;;;;;;;;;;;
;;;;;;;;;;;;;;;;;;;;;;;;;;
;;;;;;;;;;;;;;;;;;;;;;;;;;
;;;;;;;;;;;;;;;;;;;;;;;;;;
;;;;;;;;;;;;;;;;;;;;;;;;;;
;;;;;;;;;;;;;;;;;;;;;;;;;;
;;;;;;;;;;;;;;;;;;;;;;;;;;
;;;;;;;;;;;;;;;;;;;;;;;;;;
;;;;;;;;;;;;;;;;;;;;;;;;;;
;;;;;;;;;;;;;;;;;;;;;;;;;;
;;;;;;;;;;;;;;;;;;;;;;;;;;
;;;;;;;;;;;;;;;;;;;;;;;;;;
;;;;;;;;;;;;;;;;;;;;;;;;;;
;;;;;;;;;;;;;;;;;;;;;;;;;;
;;;;;;;;;;;;;;;;;;;;;;;;;;
;;;;;;;;;;;;;;;;;;;;;;;;;;
;;;;;;;;;;;;;;;;;;;;;;;;;;
;;;;;;;;;;;;;;;;;;;;;;;;;;
;;;;;;;;;;;;;;;;;;;;;;;;;;
;;;;;;;;;;;;;;;;;;;;;;;;;;
;;;;;;;;;;;;;;;;;;;;;;;;;;
;;;;;;;;;;;;;;;;;;;;;;;;;;
;;;;;;;;;;;;;;;;;;;;;;;;;;
;;;;;;;;;;;;;;;;;;;;;;;;;;
;;;;;;;;;;;;;;;;;;;;;;;;;;
;;;;;;;;;;;;;;;;;;;;;;;;;;
;;;;;;;;;;;;;;;;;;;;;;;;;;
;;;;;;;;;;;;;;;;;;;;;;;;;;
;;;;;;;;;;;;;;;;;;;;;;;;;;
;;;;;;;;;;;;;;;;;;;;;;;;;;
;;;;;;;;;;;;;;;;;;;;;;;;;;
;;;;;;;;;;;;;;;;;;;;;;;;;;
;;;;;;;;;;;;;;;;;;;;;;;;;;
;;;;;;;;;;;;;;;;;;;;;;;;;;
;;;;;;;;;;;;;;;;;;;;;;;;;;
;;;;;;;;;;;;;;;;;;;;;;;;;;
;;;;;;;;;;;;;;;;;;;;;;;;;;
;;;;;;;;;;;;;;;;;;;;;;;;;;
;;;;;;;;;;;;;;;;;;;;;;;;;;
;;;;;;;;;;;;;;;;;;;;;;;;;;
;;;;;;;;;;;;;;;;;;;;;;;;;;
;;;;;;;;;;;;;;;;;;;;;;;;;;
;;;;;;;;;;;;;;;;;;;;;;;;;;
;;;;;;;;;;;;;;;;;;;;;;;;;;
;;;;;;;;;;;;;;;;;;;;;;;;;;
;;;;;;;;;;;;;;;;;;;;;;;;;;
;;;;;;;;;;;;;;;;;;;;;;;;;;
;;;;;;;;;;;;;;;;;;;;;;;;;;
;;;;;;;;;;;;;;;;;;;;;;;;;;
;;;;;;;;;;;;;;;;;;;;;;;;;;
;;;;;;;;;;;;;;;;;;;;;;;;;;
;;;;;;;;;;;;;;;;;;;;;;;;;;
;;;;;;;;;;;;;;;;;;;;;;;;;;
;;;;;;;;;;;;;;;;;;;;;;;;;;
;;;;;;;;;;;;;;;;;;;;;;;;;;
;;;;;;;;;;;;;;;;;;;;;;;;;;
;;;;;;;;;;;;;;;;;;;;;;;;;;
;;;;;;;;;;;;;;;;;;;;;;;;;;
;;;;;;;;;;;;;;;;;;;;;;;;;;
;;;;;;;;;;;;;;;;;;;;;;;;;;
;;;;;;;;;;;;;;;;;;;;;;;;;;
;;;;;;;;;;;;;;;;;;;;;;;;;;
;;;;;;;;;;;;;;;;;;;;;;;;;;
;;;;;;;;;;;;;;;;;;;;;;;;;;
;;;;;;;;;;;;;;;;;;;;;;;;;;
;;;;;;;;;;;;;;;;;;;;;;;;;;
;;;;;;;;;;;;;;;;;;;;;;;;;;
;;;;;;;;;;;;;;;;;;;;;;;;;;
;;;;;;;;;;;;;;;;;;;;;;;;;;
;;;;;;;;;;;;;;;;;;;;;;;;;;
;;;;;;;;;;;;;;;;;;;;;;;;;;
;;;;;;;;;;;;;;;;;;;;;;;;;;
;;;;;;;;;;;;;;;;;;;;;;;;;;
;;;;;;;;;;;;;;;;;;;;;;;;;;
;;;;;;;;;;;;;;;;;;;;;;;;;;
;;;;;;;;;;;;;;;;;;;;;;;;;;
;;;;;;;;;;;;;;;;;;;;;;;;;;
;;;;;;;;;;;;;;;;;;;;;;;;;;
;;;;;;;;;;;;;;;;;;;;;;;;;;
;;;;;;;;;;;;;;;;;;;;;;;;;;
;;;;;;;;;;;;;;;;;;;;;;;;;;
;;;;;;;;;;;;;;;;;;;;;;;;;;
;;;;;;;;;;;;;;;;;;;;;;;;;;
;;;;;;;;;;;;;;;;;;;;;;;;;;
;;;;;;;;;;;;;;;;;;;;;;;;;;
;;;;;;;;;;;;;;;;;;;;;;;;;;
;;;;;;;;;;;;;;;;;;;;;;;;;;
;;;;;;;;;;;;;;;;;;;;;;;;;;
;;;;;;;;;;;;;;;;;;;;;;;;;;
;;;;;;;;;;;;;;;;;;;;;;;;;;
;;;;;;;;;;;;;;;;;;;;;;;;;;
;;;;;;;;;;;;;;;;;;;;;;;;;;
;;;;;;;;;;;;;;;;;;;;;;;;;;
;;;;;;;;;;;;;;;;;;;;;;;;;;
;;;;;;;;;;;;;;;;;;;;;;;;;;
;;;;;;;;;;;;;;;;;;;;;;;;;;
;;;;;;;;;;;;;;;;;;;;;;;;;;
;;;;;;;;;;;;;;;;;;;;;;;;;;
;;;;;;;;;;;;;;;;;;;;;;;;;;
;;;;;;;;;;;;;;;;;;;;;;;;;;
;;;;;;;;;;;;;;;;;;;;;;;;;;
;;;;;;;;;;;;;;;;;;;;;;;;;;
;;;;;;;;;;;;;;;;;;;;;;;;;;
;;;;;;;;;;;;;;;;;;;;;;;;;;
;;;;;;;;;;;;;;;;;;;;;;;;;;
;;;;;;;;;;;;;;;;;;;;;;;;;;
;;;;;;;;;;;;;;;;;;;;;;;;;;
;;;;;;;;;;;;;;;;;;;;;;;;;;
;;;;;;;;;;;;;;;;;;;;;;;;;;
;;;;;;;;;;;;;;;;;;;;;;;;;;
;;;;;;;;;;;;;;;;;;;;;;;;;;
;;;;;;;;;;;;;;;;;;;;;;;;;;
;;;;;;;;;;;;;;;;;;;;;;;;;;
;;;;;;;;;;;;;;;;;;;;;;;;;;
;;;;;;;;;;;;;;;;;;;;;;;;;;
;;;;;;;;;;;;;;;;;;;;;;;;;;
;;;;;;;;;;;;;;;;;;;;;;;;;;
;;;;;;;;;;;;;;;;;;;;;;;;;;
;;;;;;;;;;;;;;;;;;;;;;;;;;
;;;;;;;;;;;;;;;;;;;;;;;;;;
;;;;;;;;;;;;;;;;;;;;;;;;;;
;;;;;;;;;;;;;;;;;;;;;;;;;;
;;;;;;;;;;;;;;;;;;;;;;;;;;
;;;;;;;;;;;;;;;;;;;;;;;;;;
;;;;;;;;;;;;;;;;;;;;;;;;;;
;;;;;;;;;;;;;;;;;;;;;;;;;;
;;;;;;;;;;;;;;;;;;;;;;;;;;
;;;;;;;;;;;;;;;;;;;;;;;;;;
;;;;;;;;;;;;;;;;;;;;;;;;;;
;;;;;;;;;;;;;;;;;;;;;;;;;;
;;;;;;;;;;;;;;;;;;;;;;;;;;
;;;;;;;;;;;;;;;;;;;;;;;;;;
;;;;;;;;;;;;;;;;;;;;;;;;;;
;;;;;;;;;;;;;;;;;;;;;;;;;;
;;;;;;;;;;;;;;;;;;;;;;;;;;
;;;;;;;;;;;;;;;;;;;;;;;;;;
;;;;;;;;;;;;;;;;;;;;;;;;;;
;;;;;;;;;;;;;;;;;;;;;;;;;;
;;;;;;;;;;;;;;;;;;;;;;;;;;
;;;;;;;;;;;;;;;;;;;;;;;;;;
;;;;;;;;;;;;;;;;;;;;;;;;;;
;;;;;;;;;;;;;;;;;;;;;;;;;;
;;;;;;;;;;;;;;;;;;;;;;;;;;
;;;;;;;;;;;;;;;;;;;;;;;;;;
;;;;;;;;;;;;;;;;;;;;;;;;;;
;;;;;;;;;;;;;;;;;;;;;;;;;;
;;;;;;;;;;;;;;;;;;;;;;;;;;
;;;;;;;;;;;;;;;;;;;;;;;;;;
;;;;;;;;;;;;;;;;;;;;;;;;;;
;;;;;;;;;;;;;;;;;;;;;;;;;;
;;;;;;;;;;;;;;;;;;;;;;;;;;
;;;;;;;;;;;;;;;;;;;;;;;;;;
;;;;;;;;;;;;;;;;;;;;;;;;;;
;;;;;;;;;;;;;;;;;;;;;;;;;;
;;;;;;;;;;;;;;;;;;;;;;;;;;
;;;;;;;;;;;;;;;;;;;;;;;;;;
;;;;;;;;;;;;;;;;;;;;;;;;;;
;;;;;;;;;;;;;;;;;;;;;;;;;;
;;;;;;;;;;;;;;;;;;;;;;;;;;
;;;;;;;;;;;;;;;;;;;;;;;;;;
;;;;;;;;;;;;;;;;;;;;;;;;;;
;;;;;;;;;;;;;;;;;;;;;;;;;;
;;;;;;;;;;;;;;;;;;;;;;;;;;
;;;;;;;;;;;;;;;;;;;;;;;;;;
;;;;;;;;;;;;;;;;;;;;;;;;;;
;;;;;;;;;;;;;;;;;;;;;;;;;;
;;;;;;;;;;;;;;;;;;;;;;;;;;
;;;;;;;;;;;;;;;;;;;;;;;;;;
;;;;;;;;;;;;;;;;;;;;;;;;;;
;;;;;;;;;;;;;;;;;;;;;;;;;;
;;;;;;;;;;;;;;;;;;;;;;;;;;
;;;;;;;;;;;;;;;;;;;;;;;;;;
;;;;;;;;;;;;;;;;;;;;;;;;;;
;;;;;;;;;;;;;;;;;;;;;;;;;;
;;;;;;;;;;;;;;;;;;;;;;;;;;
;;;;;;;;;;;;;;;;;;;;;;;;;;
;;;;;;;;;;;;;;;;;;;;;;;;;;
;;;;;;;;;;;;;;;;;;;;;;;;;;
;;;;;;;;;;;;;;;;;;;;;;;;;;
;;;;;;;;;;;;;;;;;;;;;;;;;;
;;;;;;;;;;;;;;;;;;;;;;;;;;
;;;;;;;;;;;;;;;;;;;;;;;;;;
;;;;;;;;;;;;;;;;;;;;;;;;;;
;;;;;;;;;;;;;;;;;;;;;;;;;;
;;;;;;;;;;;;;;;;;;;;;;;;;;
;;;;;;;;;;;;;;;;;;;;;;;;;;
;;;;;;;;;;;;;;;;;;;;;;;;;;
;;;;;;;;;;;;;;;;;;;;;;;;;;
;;;;;;;;;;;;;;;;;;;;;;;;;;
;;;;;;;;;;;;;;;;;;;;;;;;;;
;;;;;;;;;;;;;;;;;;;;;;;;;;
;;;;;;;;;;;;;;;;;;;;;;;;;;
;;;;;;;;;;;;;;;;;;;;;;;;;;
;;;;;;;;;;;;;;;;;;;;;;;;;;
;;;;;;;;;;;;;;;;;;;;;;;;;;
;;;;;;;;;;;;;;;;;;;;;;;;;;
;;;;;;;;;;;;;;;;;;;;;;;;;;
;;;;;;;;;;;;;;;;;;;;;;;;;;
;;;;;;;;;;;;;;;;;;;;;;;;;;
;;;;;;;;;;;;;;;;;;;;;;;;;;
;;;;;;;;;;;;;;;;;;;;;;;;;;
;;;;;;;;;;;;;;;;;;;;;;;;;;
;;;;;;;;;;;;;;;;;;;;;;;;;;
;;;;;;;;;;;;;;;;;;;;;;;;;;
;;;;;;;;;;;;;;;;;;;;;;;;;;
;;;;;;;;;;;;;;;;;;;;;;;;;;
;;;;;;;;;;;;;;;;;;;;;;;;;;
;;;;;;;;;;;;;;;;;;;;;;;;;;
;;;;;;;;;;;;;;;;;;;;;;;;;;
;;;;;;;;;;;;;;;;;;;;;;;;;;
;;;;;;;;;;;;;;;;;;;;;;;;;;
;;;;;;;;;;;;;;;;;;;;;;;;;;
;;;;;;;;;;;;;;;;;;;;;;;;;;
;;;;;;;;;;;;;;;;;;;;;;;;;;
;;;;;;;;;;;;;;;;;;;;;;;;;;
;;;;;;;;;;;;;;;;;;;;;;;;;;
;;;;;;;;;;;;;;;;;;;;;;;;;;
;;;;;;;;;;;;;;;;;;;;;;;;;;
;;;;;;;;;;;;;;;;;;;;;;;;;;
;;;;;;;;;;;;;;;;;;;;;;;;;;
;;;;;;;;;;;;;;;;;;;;;;;;;;
;;;;;;;;;;;;;;;;;;;;;;;;;;
;;;;;;;;;;;;;;;;;;;;;;;;;;
;;;;;;;;;;;;;;;;;;;;;;;;;;
;;;;;;;;;;;;;;;;;;;;;;;;;;
;;;;;;;;;;;;;;;;;;;;;;;;;;
;;;;;;;;;;;;;;;;;;;;;;;;;;
;;;;;;;;;;;;;;;;;;;;;;;;;;
;;;;;;;;;;;;;;;;;;;;;;;;;;
;;;;;;;;;;;;;;;;;;;;;;;;;;
;;;;;;;;;;;;;;;;;;;;;;;;;;
;;;;;;;;;;;;;;;;;;;;;;;;;;
;;;;;;;;;;;;;;;;;;;;;;;;;;
;;;;;;;;;;;;;;;;;;;;;;;;;;
;;;;;;;;;;;;;;;;;;;;;;;;;;
;;;;;;;;;;;;;;;;;;;;;;;;;;
;;;;;;;;;;;;;;;;;;;;;;;;;;
;;;;;;;;;;;;;;;;;;;;;;;;;;
;;;;;;;;;;;;;;;;;;;;;;;;;;
;;;;;;;;;;;;;;;;;;;;;;;;;;
;;;;;;;;;;;;;;;;;;;;;;;;;;
;;;;;;;;;;;;;;;;;;;;;;;;;;
;;;;;;;;;;;;;;;;;;;;;;;;;;
;;;;;;;;;;;;;;;;;;;;;;;;;;
;;;;;;;;;;;;;;;;;;;;;;;;;;
;;;;;;;;;;;;;;;;;;;;;;;;;;
;;;;;;;;;;;;;;;;;;;;;;;;;;
;;;;;;;;;;;;;;;;;;;;;;;;;;
;;;;;;;;;;;;;;;;;;;;;;;;;;
;;;;;;;;;;;;;;;;;;;;;;;;;;
;;;;;;;;;;;;;;;;;;;;;;;;;;
;;;;;;;;;;;;;;;;;;;;;;;;;;
;;;;;;;;;;;;;;;;;;;;;;;;;;
;;;;;;;;;;;;;;;;;;;;;;;;;;
;;;;;;;;;;;;;;;;;;;;;;;;;;
;;;;;;;;;;;;;;;;;;;;;;;;;;
;;;;;;;;;;;;;;;;;;;;;;;;;;
;;;;;;;;;;;;;;;;;;;;;;;;;;
;;;;;;;;;;;;;;;;;;;;;;;;;;
;;;;;;;;;;;;;;;;;;;;;;;;;;
;;;;;;;;;;;;;;;;;;;;;;;;;;
;;;;;;;;;;;;;;;;;;;;;;;;;;
;;;;;;;;;;;;;;;;;;;;;;;;;;
;;;;;;;;;;;;;;;;;;;;;;;;;;
;;;;;;;;;;;;;;;;;;;;;;;;;;
;;;;;;;;;;;;;;;;;;;;;;;;;;
;;;;;;;;;;;;;;;;;;;;;;;;;;
;;;;;;;;;;;;;;;;;;;;;;;;;;
;;;;;;;;;;;;;;;;;;;;;;;;;;
;;;;;;;;;;;;;;;;;;;;;;;;;;
;;;;;;;;;;;;;;;;;;;;;;;;;;
;;;;;;;;;;;;;;;;;;;;;;;;;;
;;;;;;;;;;;;;;;;;;;;;;;;;;
;;;;;;;;;;;;;;;;;;;;;;;;;;
;;;;;;;;;;;;;;;;;;;;;;;;;;
;;;;;;;;;;;;;;;;;;;;;;;;;;
;;;;;;;;;;;;;;;;;;;;;;;;;;
;;;;;;;;;;;;;;;;;;;;;;;;;;
;;;;;;;;;;;;;;;;;;;;;;;;;;
;;;;;;;;;;;;;;;;;;;;;;;;;;
;;;;;;;;;;;;;;;;;;;;;;;;;;
;;;;;;;;;;;;;;;;;;;;;;;;;;
;;;;;;;;;;;;;;;;;;;;;;;;;;
;;;;;;;;;;;;;;;;;;;;;;;;;;
;;;;;;;;;;;;;;;;;;;;;;;;;;
;;;;;;;;;;;;;;;;;;;;;;;;;;
;;;;;;;;;;;;;;;;;;;;;;;;;;
;;;;;;;;;;;;;;;;;;;;;;;;;;
;;;;;;;;;;;;;;;;;;;;;;;;;;
;;;;;;;;;;;;;;;;;;;;;;;;;;
;;;;;;;;;;;;;;;;;;;;;;;;;;
;;;;;;;;;;;;;;;;;;;;;;;;;;
;;;;;;;;;;;;;;;;;;;;;;;;;;
;;;;;;;;;;;;;;;;;;;;;;;;;;
;;;;;;;;;;;;;;;;;;;;;;;;;;
;;;;;;;;;;;;;;;;;;;;;;;;;;
;;;;;;;;;;;;;;;;;;;;;;;;;;
;;;;;;;;;;;;;;;;;;;;;;;;;;
;;;;;;;;;;;;;;;;;;;;;;;;;;
;;;;;;;;;;;;;;;;;;;;;;;;;;
;;;;;;;;;;;;;;;;;;;;;;;;;;
;;;;;;;;;;;;;;;;;;;;;;;;;;
;;;;;;;;;;;;;;;;;;;;;;;;;;
;;;;;;;;;;;;;;;;;;;;;;;;;;
;;;;;;;;;;;;;;;;;;;;;;;;;;
;;;;;;;;;;;;;;;;;;;;;;;;;;
;;;;;;;;;;;;;;;;;;;;;;;;;;
;;;;;;;;;;;;;;;;;;;;;;;;;;
;;;;;;;;;;;;;;;;;;;;;;;;;;
;;;;;;;;;;;;;;;;;;;;;;;;;;
;;;;;;;;;;;;;;;;;;;;;;;;;;
;;;;;;;;;;;;;;;;;;;;;;;;;;
;;;;;;;;;;;;;;;;;;;;;;;;;;
;;;;;;;;;;;;;;;;;;;;;;;;;;
;;;;;;;;;;;;;;;;;;;;;;;;;;
;;;;;;;;;;;;;;;;;;;;;;;;;;
;;;;;;;;;;;;;;;;;;;;;;;;;;
;;;;;;;;;;;;;;;;;;;;;;;;;;
;;;;;;;;;;;;;;;;;;;;;;;;;;
;;;;;;;;;;;;;;;;;;;;;;;;;;
;;;;;;;;;;;;;;;;;;;;;;;;;;
;;;;;;;;;;;;;;;;;;;;;;;;;;
;;;;;;;;;;;;;;;;;;;;;;;;;;
;;;;;;;;;;;;;;;;;;;;;;;;;;
;;;;;;;;;;;;;;;;;;;;;;;;;;
;;;;;;;;;;;;;;;;;;;;;;;;;;
;;;;;;;;;;;;;;;;;;;;;;;;;;
;;;;;;;;;;;;;;;;;;;;;;;;;;
;;;;;;;;;;;;;;;;;;;;;;;;;;
;;;;;;;;;;;;;;;;;;;;;;;;;;
;;;;;;;;;;;;;;;;;;;;;;;;;;
;;;;;;;;;;;;;;;;;;;;;;;;;;
;;;;;;;;;;;;;;;;;;;;;;;;;;
;;;;;;;;;;;;;;;;;;;;;;;;;;
;;;;;;;;;;;;;;;;;;;;;;;;;;
;;;;;;;;;;;;;;;;;;;;;;;;;;
;;;;;;;;;;;;;;;;;;;;;;;;;;
;;;;;;;;;;;;;;;;;;;;;;;;;;
;;;;;;;;;;;;;;;;;;;;;;;;;;
;;;;;;;;;;;;;;;;;;;;;;;;;;
;;;;;;;;;;;;;;;;;;;;;;;;;;
;;;;;;;;;;;;;;;;;;;;;;;;;;
;;;;;;;;;;;;;;;;;;;;;;;;;;
;;;;;;;;;;;;;;;;;;;;;;;;;;
;;;;;;;;;;;;;;;;;;;;;;;;;;
;;;;;;;;;;;;;;;;;;;;;;;;;;
;;;;;;;;;;;;;;;;;;;;;;;;;;
;;;;;;;;;;;;;;;;;;;;;;;;;;
;;;;;;;;;;;;;;;;;;;;;;;;;;
;;;;;;;;;;;;;;;;;;;;;;;;;;
;;;;;;;;;;;;;;;;;;;;;;;;;;
;;;;;;;;;;;;;;;;;;;;;;;;;;
;;;;;;;;;;;;;;;;;;;;;;;;;;
;;;;;;;;;;;;;;;;;;;;;;;;;;
;;;;;;;;;;;;;;;;;;;;;;;;;;
;;;;;;;;;;;;;;;;;;;;;;;;;;
;;;;;;;;;;;;;;;;;;;;;;;;;;
;;;;;;;;;;;;;;;;;;;;;;;;;;
;;;;;;;;;;;;;;;;;;;;;;;;;;
;;;;;;;;;;;;;;;;;;;;;;;;;;
;;;;;;;;;;;;;;;;;;;;;;;;;;
;;;;;;;;;;;;;;;;;;;;;;;;;;
;;;;;;;;;;;;;;;;;;;;;;;;;;
;;;;;;;;;;;;;;;;;;;;;;;;;;
;;;;;;;;;;;;;;;;;;;;;;;;;;
;;;;;;;;;;;;;;;;;;;;;;;;;;
;;;;;;;;;;;;;;;;;;;;;;;;;;
;;;;;;;;;;;;;;;;;;;;;;;;;;
;;;;;;;;;;;;;;;;;;;;;;;;;;
;;;;;;;;;;;;;;;;;;;;;;;;;;
;;;;;;;;;;;;;;;;;;;;;;;;;;
;;;;;;;;;;;;;;;;;;;;;;;;;;
;;;;;;;;;;;;;;;;;;;;;;;;;;
;;;;;;;;;;;;;;;;;;;;;;;;;;
;;;;;;;;;;;;;;;;;;;;;;;;;;
;;;;;;;;;;;;;;;;;;;;;;;;;;
;;;;;;;;;;;;;;;;;;;;;;;;;;
;;;;;;;;;;;;;;;;;;;;;;;;;;
;;;;;;;;;;;;;;;;;;;;;;;;;;
;;;;;;;;;;;;;;;;;;;;;;;;;;
;;;;;;;;;;;;;;;;;;;;;;;;;;
;;;;;;;;;;;;;;;;;;;;;;;;;;
;;;;;;;;;;;;;;;;;;;;;;;;;;
;;;;;;;;;;;;;;;;;;;;;;;;;;
;;;;;;;;;;;;;;;;;;;;;;;;;;
;;;;;;;;;;;;;;;;;;;;;;;;;;
;;;;;;;;;;;;;;;;;;;;;;;;;;
;;;;;;;;;;;;;;;;;;;;;;;;;;
;;;;;;;;;;;;;;;;;;;;;;;;;;
;;;;;;;;;;;;;;;;;;;;;;;;;;
;;;;;;;;;;;;;;;;;;;;;;;;;;
;;;;;;;;;;;;;;;;;;;;;;;;;;
;;;;;;;;;;;;;;;;;;;;;;;;;;
;;;;;;;;;;;;;;;;;;;;;;;;;;
;;;;;;;;;;;;;;;;;;;;;;;;;;
;;;;;;;;;;;;;;;;;;;;;;;;;;
;;;;;;;;;;;;;;;;;;;;;;;;;;
;;;;;;;;;;;;;;;;;;;;;;;;;;
;;;;;;;;;;;;;;;;;;;;;;;;;;
;;;;;;;;;;;;;;;;;;;;;;;;;;
;;;;;;;;;;;;;;;;;;;;;;;;;;
;;;;;;;;;;;;;;;;;;;;;;;;;;
;;;;;;;;;;;;;;;;;;;;;;;;;;
;;;;;;;;;;;;;;;;;;;;;;;;;;
;;;;;;;;;;;;;;;;;;;;;;;;;;
;;;;;;;;;;;;;;;;;;;;;;;;;;
;;;;;;;;;;;;;;;;;;;;;;;;;;
;;;;;;;;;;;;;;;;;;;;;;;;;;
;;;;;;;;;;;;;;;;;;;;;;;;;;
;;;;;;;;;;;;;;;;;;;;;;;;;;
;;;;;;;;;;;;;;;;;;;;;;;;;;
;;;;;;;;;;;;;;;;;;;;;;;;;;
;;;;;;;;;;;;;;;;;;;;;;;;;;
;;;;;;;;;;;;;;;;;;;;;;;;;;
;;;;;;;;;;;;;;;;;;;;;;;;;;
;;;;;;;;;;;;;;;;;;;;;;;;;;
;;;;;;;;;;;;;;;;;;;;;;;;;;
;;;;;;;;;;;;;;;;;;;;;;;;;;
;;;;;;;;;;;;;;;;;;;;;;;;;;
;;;;;;;;;;;;;;;;;;;;;;;;;;
;;;;;;;;;;;;;;;;;;;;;;;;;;
;;;;;;;;;;;;;;;;;;;;;;;;;;
;;;;;;;;;;;;;;;;;;;;;;;;;;
;;;;;;;;;;;;;;;;;;;;;;;;;;
;;;;;;;;;;;;;;;;;;;;;;;;;;
;;;;;;;;;;;;;;;;;;;;;;;;;;
;;;;;;;;;;;;;;;;;;;;;;;;;;
;;;;;;;;;;;;;;;;;;;;;;;;;;
;;;;;;;;;;;;;;;;;;;;;;;;;;
;;;;;;;;;;;;;;;;;;;;;;;;;;
;;;;;;;;;;;;;;;;;;;;;;;;;;
;;;;;;;;;;;;;;;;;;;;;;;;;;
;;;;;;;;;;;;;;;;;;;;;;;;;;
;;;;;;;;;;;;;;;;;;;;;;;;;;
;;;;;;;;;;;;;;;;;;;;;;;;;;
;;;;;;;;;;;;;;;;;;;;;;;;;;
;;;;;;;;;;;;;;;;;;;;;;;;;;
;;;;;;;;;;;;;;;;;;;;;;;;;;
;;;;;;;;;;;;;;;;;;;;;;;;;;
