ID;FR;EN;ZH
CombatStartUniversel;Lancer le combat;Start the fight;开始战斗
TutoContinue;Continuer;Continue;继续
TutoAutel1;les trois sorts de base, on débloquera d'autres par la suite achetables contre de l'essence;the three basic spells, we’ll unlock others later purchasable with souls crystal;三个基本咒语，其他咒语将在以后解锁，可用灵魂水晶购买
TutoAutel2;le nombre d'essence qu'on as actuellement sur sois, récupérable en tuant des adversaires;the number of souls crytals you currently have on you, recoverable by killing opponents;当前身上的灵魂水晶数量，可通过击杀对手恢复
TutoAutel3;la description de la compétence sélectionné;the description of the selected skill;所选技能的描述
TutoAutel4;les stats actuelle, et les modifications apportées par la compétence;current stats, and changes made by the skill;当前状态，以及技能带来的变化
TutoAutel5;le cout en essence d'une compétence pour la debloquer;the cost of a skill to unlock it;解锁技能所需的费用
TutoAutel6;le bouton d'achat;the buy button;购买按钮
TutoPerso1;Observateur;Watcher;
TutoPerso2;Premier observateur;First watcher;
TutoPerso3;Second observateur;Second watcher;
TutoPerso4;Cristaux d'essence;Soul shards;
TutoQ1;En voilà encore un! Décidément, c’est une journée chargée. J’espère que celui-ci ne posera pas problème…;Here comes another one ! Look like it will be a long day... I hope that one will not be a problem...;又来了一个 看来今天会很漫长... 我希望这个不会有问题...
TutoQ1R1;[ reprendre vos esprits ];[Come back to your sense];[回过神来]
TutoQ2;Tu m’as l’air d’être dans un piteux état, ta mort semble avoir été violente, laisse moi arranger ça.;You seems to be in a deplorable state, your death must have been violent, let me help you;你的情况很糟糕 你一定是死于暴力，让我来帮你吧
TutoQ2R1;Mort!? On est où!? Et t’es qui au juste!?;Death ?! Where are we ?! And who are you !;死亡 我们在哪儿 你又是谁
TutoQ3;Morts, nous le sommes tous. Et pour te répondre: je suis l’observateur qui t’a été attribué.;Dead, we are all here, so are you, and to answer your question, i am the observer that has been atributed to you;死神，我们都在这里，你也在这里，回答你的问题，我就是你的观察者
TutoQ3R1;Donc je suis mort, toi aussi, et tu es là pour me chaperonner, c’est ça?;So...I am dead, you too, and you are here to chaperone me, is that right ?;所以......我死了，你也死了，你是来陪我的，对吗？
TutoQ4;"Pas vraiment. Je suis là pour suivre ton parcours mais je dois rester neutre, c’est mon rôle.
";Not really, i am here to follow your journey, but i must stay neutral, that is my role;不尽然，我是来追随你的旅程的，但我必须保持中立，这是我的职责所在
TutoQ4R1;Neutre? Tu viens de dire que tu allais m’aider, ça ne fait aucun sens!;Neutral ? But you said you where gonne help me ? That doesnt make any sense !;中立？可你说你会帮我？这说不通啊！
TutoQ5;Je vais arranger ça, pas t’aider. C’est d’ailleurs la première et dernière fois, ensuite tu devras t’en sortir seul.;I will arrange that, not help you. It will be the first and last time, then you will be on your own,;我会 安排，而不是帮你。这将是第一次，也是最后一次，然后你就得靠自己了、
TutoQ5R1;"Mais m’arranger quoi à la fin!?
";But arrange what ?!;安排什么
TutoQ6;Cette lumière intérieure, cette Radiance, est la seule chose qui te permet de prendre forme ici. Comment te sens tu à présent?;That light into you, it's your radiance, it's the only thing that allow you to have a substance here, how are you feeling now ?;你身上的光是你的光芒 是你在这里唯一的物质 你现在感觉怎么样？
TutoQ6R1;Mieux… enfin je crois.;Better...I think.;好多了......我想。
TutoQ7;Tu dois y faire attention, sinon ton âme retournera dans le grand cycle et qui sait combien de temps tu y resteras.;You will have to take care of it, or your soul will return to the great cycle, and who knows how many time you will stay there.;你得好好照顾它 否则你的灵魂会回到大轮回 谁知道你会在那里呆上多少时间呢
TutoQ7R1;"Pour rester mort, je ne dois pas mourir à nouveau. C’est bien joli mais dans quel but exactement?
";To stay dead, i must not die again...It's cute but what is the goal of that ?;为了不死，我就不能再死......这很可爱，但这样做的目的是什么？
TutoQ8;"Ce but, à toi de le trouver; chacun doit traverser le Passage à sa manière. Si je ne peux te guider, je peux cependant te montrer. Prends ça et suis moi.
";That goal, it's you who must find it, each person must cross the path with he's own way. If i can't guide you, i can however show you. Take that and follow me;这个目标必须由你自己去寻找，每个人都必须以自己的方式穿过这条路。如果我不能指引你，但我可以告诉你。带着它跟我来吧
TutoQ8R1;"Si je suis mort, à quoi pourrait bien me servir un vieux parchemin?
";If i am dead, what use do I have in an old parchment ?;如果我死了，一张旧羊皮纸还有什么用？
TutoQ9;Ce vieux parchemin te permettra de ne pas te perdre sur le chemin de ta prochaine vie. Avance jusqu’à la prochaine étape, je dois encore te montrer certaines choses.;That old parchment will allow you to not be lost on the way to your next life. Move to the next stage, I must still show you a few things.;那张 旧羊皮纸 会让你在通往下辈子的路上不再迷失方向。进入下一阶段，我还必须告诉你一些事情。
TutoQ10;En ce lieu, tu rencontreras d’autres âmes errantes. Si je te recommande de trouver des solutions pacifiques, tu peux également confronter ta Force d'ame à la leur.;In this place, you will meet other wandering souls. I recommend you to find pacific solution with them, but you can also confront your soul strengh with them;在这个地方，你会遇到其他的游魂。我建议你与他们和平相处，但你也可以与他们对抗你的 毅力/灵魂力量。
TutoQ10R1;"Confronter nos âmes ? Si tu parles d’un combat, qu’adviendrait-il du perdant ?
";Confront our souls ? If you talk about a fight, what happend to the looser ?;对抗我们的灵魂？如果你说的是一场战斗，那么失败者会怎样？
TutoQ11;Exactement comme un combat, oui. Souhaites-tu voir ce qui arriverait à cette âme errante en cas de défaite ?;Just like a fight yes, do you wish to see what will happend to this soul if it where defeated ?;就像打架一样，是的，你想看看如果这个灵魂被打败了会怎么样吗？
TutoQ11R1;"Si je t’ai posé la question, ce n’est pas pour rien. Vas y, montre moi !
";If i asked you, it's for a reason, come on show me !;如果我问你，那是有原因的，来吧，给我看看！
TutoQ11R2;"Euh, attends, explique moi d’abord ce que tu comptes faire.
";Wait...Explain to me first what you are going to do;等等......先给我解释一下你要做什么？
TutoQ12;La patience ne semble pas être ta plus grande qualité… Ici comme dans tes précédentes vies, tes choix ont des conséquences, tu devrais faire attention.;Patience does not seems to be one of your qualities...Here like in your past lifes, your choices have consequences, you will have to take care.;耐心似乎不是你的特质之一......在这里，就像你过去的生活一样，你的选择会带来后果，你必须小心。
TutoQ12R1;Des conséquences ?;Consequences ? Like what ?;后果？什么后果？
TutoQ13;"Rester dans ce lieu doit te permettre de devenir meilleur, tu dois faire attention et prendre Conscience des conséquences de tes actes passés comme futures.
";Staying in this place allow you to grow better, you must take care and realise the consequences of your past action, just like the future one.;呆在这个地方能让你更好地成长，你必须小心谨慎，并意识到你过去的行为所带来的后果，就像你将来的行为一样。
TutoQ13R1;"Pas la peine de me sermonner, j’assume pleinement mes actes et mes paroles.
";No need to lecture me, I stand by every act and word of mine.;没必要对我说教，我坚持我的一言一行。
TutoQ14;"Alors tu assumeras également leurs conséquences sur ce qu’il reste de ton âme.
";So you will also shoulder the consequences on what is left of your soul;所以，你也要承担你的灵魂所剩无几的后果。
TutoQ14R1;"Mes actes seront donc observés et jugés ?
";My actions will be judged and observed ?;我的行为会受到审判和监督？
TutoQ15;Tu fais preuve de discernement, c’est tout à ton honneur. Les choix que nous faisons ont toujours des conséquences, cette vérité semble évidente pour toi.;You seems to have some discernment, it's will be useful here. The choice that we make always have consequences, this truth seems obvious enough for you.;你似乎有一些辨别力，这在这里会很有用。我们所做的选择总是有后果的，这个道理对你来说似乎很明显。
TutoQ15R1;"Tu sembles surpris. Pourtant ça ne me semble pas si compliqué.
";You seems surprised. It's not a concept so hard to grasp.;你似乎很惊讶。这并不是一个很难理解的概念。
TutoQ16;Très peu d’âmes réussissent à prendre si rapidement Conscience des implications qu’ont leurs actes en ces lieux, c’est assez rare pour être souligné.;Very few souls become conscious  of the consequences of the actions they do in this place so quickly, it's rare enough to be noted;很少有灵魂能这么快就意识到他们在这里所做行为的后果，这一点非常罕见，值得注意。
TutoQ16R1;"Tu es donc là pour me guider et veiller à ce que j’agisse avec clairvoyance ?
";So you are here to guide me, and be sure I act with perspicacity ?;那么你是来指导我，确保我的行为是明智的？
TutoQ17;Je suis surtout là pour te montrer la réalité de ce Passage. Tu as fait un choix empreint de bonté, mais tu ne pourras pas toujours éviter de te salir les mains, c’est ainsi.;I am here to show you the truth about this passage. You did a kind gesture, but you will not always be able to not dirty your hand, this is how it is here.;我是来告诉你这段话的真相的。你做了一个善意的举动，但你不可能永远不弄脏你的手，这里就是这样。
TutoQ17R1;"Je vois. Faire les bons choix ne sera pas suffisant, c’est ce que tu essayes de m’expliquer ?
";I see... Do the right choice will not always be enough, is that's what you are trying to tell me ?;我明白了 做正确的选择并不总是足够的，这就是你想告诉我的吗？
TutoQ18;Tu auras la réponse à ta question en temps voulu. En attendant, tu vois ce qu’il reste de cette pauvre âme errante?;You will have your answer in due time. Meanwhile, do you see what is left of this poor wandering souls ?;你会在适当的时候得到答案的 同时，你看到这些可怜的游魂还剩下什么了吗？
TutoQ18R1;Tu parles de ces cristaux ?;Are you talking about those crystal ? What about it ?;你是在说那些水晶吗？是什么？
TutoQ19;Ces cristaux, c’est ce qu’il reste d’une âme une fois réduite à son état primaire : son Essence. Prends les et garde les avec le plus grand respect, n’oublie pas d’où ils viennent.;Those Crystal is what is left of a souls once it's reduced to it's primal form, the essence. Take it and keep them with utmost respect, do not forget where they come from.;那些 水晶 是灵魂还原到最原始的形态后剩下的东西，也就是灵魂的本质。拿着它，以最崇高的敬意保存它们，不要忘记它们来自何方。
TutoQ19R1;[ prendre les cristaux d’Essence ];Take the souls crystal;拿走灵魂水晶
TutoQ20;Cependant, tu ne vas pas garder ces cristaux éternellement. Avançons, que je puisse te montrer comment rendre un dernier hommage à ces âme fragmentées.;Nontheless, you will not keep them eternally. Let's move on, so I can show you how to make a last tribute to those fragmented souls.;尽管如此，你也无法永远保存它们。让我们继续前进，让我来教你们如何向那些支离破碎的灵魂致以最后的敬意。
TutoQ21;Ces Autels étaient là bien avant nous et tout ce que l’on sait à leur sujet c’est qu’elles permettent de renvoyer dans le grand cycle les fragments d’âme contenus dans les cristaux.;These altars where there long before us, and all we know about them is that they allow to bring back into the great cycle the souls contained into the crystals;这些祭坛早在我们之前就存在了，我们只知道它们能让水晶中的灵魂回到大轮回中去
TutoQ22;En échange, cette statue a la faculté de raviver ta mémoire. Pour le moment, tu n’es que l’ombre de tes existences passées. Il est temps de récupérer la force qui était tienne.;In exchange, this statue has the abilities to revive some of your memories. For now you are naught but a shadow of your path existence. It's time for you to bring back the strengh that was yours.;作为交换，这座雕像有能力唤醒你的部分记忆。现在，你只是你人生道路上的一个影子。是时候让你找回曾经的力量了。
TutoQ23;"Parfait ! Prends le temps qu’il te faut, explore ta mémoire. Tu n’auras qu’à me dire quand tu seras prêt.
";Perfect ! Take all the time you need to explore your memories. Just tell me when you are ready.;完美 ！你可以尽情探索你的记忆。准备好了就告诉我。
TutoQ23R1;Je suis prêt !;I am ready !;我准备好了！
TutoQ24;"Ha ! J’apprécie ton enthousiasme, tu me plais ! Mais avant de partir, prends ces nouvelles aptitudes avec toi.
";Ha ! I appreciate your enthusiasm, I like you ! But before you go, keep those new abilities with you,;哈！我很欣赏你的热情 我喜欢你 但是在你走之前 把这些新能力带在身边
TutoQ24R1;C’est fait ! On peut y aller ?;It's done ! Can we go now ?;搞定了 我们可以走了吗？
TutoQ25;Tu vas avoir l’occasion de retrouver tes sensations : j’ai l’impression que quelqu’un t’attend avec impatience et a hâte de régler ses comptes avec toi.;Don't worry, you will have the occasion to find again your sense : It seems that someone here is waiting for you impatiently, he seems to want to have a word with you...;别担心，你会有机会重新找回你的感觉的：这里似乎有人在等你等得不耐烦了，他似乎想和你说几句话......
TutoQ26;"Certaines âmes errantes ont un lien particulier avec toi et tes vies passées. Ce sera l’occasion de vous expliquer et faire table rase du passé… Enfin, si tu y mets un peu du tiens.
";Some wandering souls have a connection with you and your past lifes. It will be an occasion to explain yourself and make anew of the past...If you do your part.;有些游魂与你和你的前世有关。这将是一个解释自己、重新认识过去的机会......只要你做好自己的本分。
TutoQ26R1;Je n’ai aucune idée de qui est cet homme… Eh toi ! Tu me veux quoi au juste ?;I have no idea who this man is... Hey you ! What do you want from me ?!;我不知道这个人是谁... 喂 你想从我这儿得到什么？
TutoQ27;"J’imagine que c’est ta façon d’aborder une discussion calme… Mais je doute qu’il soit en état de te répondre, il a l’air mal en point.
";I suppose this is your idea of how to have a calm discussion...But I doubt he will be able to answer you, he seems to be in very poor shape.;我想这就是你所说的冷静讨论吧......但我怀疑他能不能回答你，他看起来状态很差。
TutoQ27R1;Du coup, qu’est-ce qu’on fait ? Un petit coup de parchemin et on en parle plus ?;So what do we do ? A little parchmin hit and that's it ?;那我们该怎么办？打一顿就完事了？
TutoQ28;"Pas cette fois, je regrette, il est hors de question que je salisse mon uniforme. A toi d’utiliser tes compétences pour t’en débarrasser.
";Not this time, i am sorry, I will not put dirt on my uniform. Use your knew skills to get rid of him.;这次不行，对不起，我不会把脏东西弄到制服上的。用你的技能干掉他。
TutoQ29;Utiliser tes compétences te demandera de la Volonté et parfois de la Conscience.;Using your skills will ask you to have willpower, and sometime conscious.;使用技能需要意志力，有时还需要意识。
TutoQ30;La première règle d’un affrontement est: chacun son tour. N’oublie pas d’indiquer aux autres âmes quand ton tour est fini.;The first rule of a fight is : you each take turn. Do not forget to tell the other souls when your turn is over.;战斗的第一条规则是：轮流上场。轮到你时，不要忘记告诉其他灵魂。
TutoQ31;La seconde règle d’un affrontement est: plus tu es rapide, plus tu as l’initiative. Tout dépendra donc de ta Vitesse.;The second rule is : The faster you are, the faster you will be able to act. Everything will depend from your speed.;第二条规则是 ： 速度越快，行动就越快。一切都取决于你的速度。
TutoQ32;"L’avantage de ces règles, c’est de te permettre de récupérer un peu et d’avoir à nouveau toute ta Volonté au début de ton tour. Tu te sens prêt ?
";The advantages of those rules is that you will be able to recover a bit, and have all of your willpower at the beginning of your next turn, are you ready ?;这些规则的好处是，你可以稍作恢复，并在下一回合开始时拥有全部意志力，准备好了吗？
TutoQ32R1;On va bien voir, laisse moi faire !;We shall see, let me do it !;让我们拭目以待吧
TutoQ33;"Certaines compétences nécessitent d’avoir une cible pour être utilisées.
";Some skills must have a target to be used;有些技能必须有目标才能使用
TutoQ34;Faire du mal à une autre âme augmentera sa Tension, une fois au maximum elle aura un deuxième tour.;Hurting a souls will increase it's tension, once it reach the maximum, it will have a second turn;伤害灵魂会增加它的紧张度，一旦达到最大值，它就会有第二个回合。
TutoQ35;"Tu n’es pas obligé de seulement frapper, tu peux aussi te renforcer. Tu devrais essayer !
";It's not mandatory to only hit, you can also strengthen yourself, you should try it !;并不是一定要打，你也可以强化自己，你应该试试！
TutoQ36;"Dans ces circonstances, tu as aussi le droit d’être tendu. Si ta Tension atteint son maximum, tu auras un second tour.
";In those circonstance, you also have the right to be tense. If your tension get to the max, you will have a second turn !;在这种情况下，你也有权紧张。如果你的紧张达到了极致，你就会有第二次机会！
TutoQ37;Toutes mes félicitations, tu t’en es bien sorti ! Mais il me reste une dernière chose à te montrer.;You have my congratulation ! You did well ! But there is still one last thing that I must show you.;我向您表示祝贺！你做得很好！但还有最后一件事我必须告诉你。
TutoQ37R1;Laisse moi le temps de ramasser son Essence et je suis à toi !;Let me the time to pick he's essence and i am yours.;给我时间去采摘他的精华，我就是你的了。
TutoQ38;"Tu sais déjà que ces cristaux peuvent être rendus au grand cycle, mais il en existe une autre utilisation, un peu moins… Enfin, un peu plus…
";You already know that those crystal can be brought back to the great cycle, but there is another use...A little less... A bit more...;你已经知道那些水晶可以带回大循环，但还有另一种用途......少一点...... 多一点...
TutoQ38R1;Crache le morceau, on a pas toute la journée !;Come on say it ! We don't have all days !;说吧！我们没有那么多时间！
TutoQ39;"Oui bon ça va, j’y viens ! Tu peux les utiliser pour restaurer ta Radiance, mais c’est tout à fait égoïste et très peu respectueux de faire ça, il faut en être conscient !
";Okay okay im on it ! As i was saying, you can use them to restore some radiance, but it's very selfish and not respectful to do that, you must be aware of that !;好了好了，我这就去！就像我刚才说的，你可以用它们来恢复一些光彩，但这样做是非常自私的，也是不尊重人的，你必须意识到这一点！
TutoQ39R1;Egoïste ? Ils sont à moi ces cristaux non ? J’en fais ce que bon me semble.;Selfish ? They are mine those crystal aren't they ? I do what I want with them.;自私？它们是我的水晶，不是吗？我想怎么做就怎么做。
TutoQ40;"On peut voir les choses comme ça, effectivement… Mais saches que la seule façon qu’auront ces résidus d’âmes pour retourner au grand cycle sera la disparition de leur hôte.
";You can see it that way... But i'll let you know that the only way these soul will return to the grand cycle, is with the disappearence of they're host.;你可以这么看... 但我要告诉你 只有宿主消失了 这些灵魂才能回到大循环中去
TutoQ40R1;"Je ne compte pas disparaître de si tôt, ils vont devoir se montrer patients.
";I do not intend to disapear so soon. They will have to be patient.;我不打算这么快消失 他们得耐心等待
TutoQ41;"Bien, tu sembles déterminé. Fais donc ton choix. Mais garde à l’esprit que tu pourrais aussi en consommer durant un affrontement, mais pour une fraction de l’effet. Cependant, ça pourrait te sortir d’une mauvaise passe, qui sait.
";Okay, you seem determined. Make your choice. But keep in mind, you can also consume them during a fight, but for a fraction of the effect. But it could help you get through a hard time, who knows.;好吧，看来你下定决心了 做出你的选择吧 但要记住，你也可以在战斗中吃掉它们，不过效果会差一点。但它能帮你度过难关，谁知道呢。
TutoQ42;Oh ! Tu as été chanceux ! Il arrive parfois qu’on tombe sur des Souvenirs perdus, c’est le genre de chose qu’on garde précieusement.;Oh ! You have been lucky ! It happends sometime that we get a lost memory, it's the kind of things we keep preciously.;哦，你很幸运！有时我们会失去一段记忆，那是我们珍爱的东西。
TutoQ43;"Mais attends… C’est bien trop tôt pour que tu sois capable d’encaisser un tel Souvenir, ça risquerait d’avoir de graves conséquences sur ta traversée !
";But wait... It's way too soon for you to be able to handle such a memory, it can have great consequences on your journey !;但等等... 对你来说，现在处理这样的记忆还为时过早，它会给你的人生旅途带来很大的影响！
TutoQ43R1;"Moi je le trouve très bien ce souvenir. En plus, il est à moi, je ne te demande pas ton avis !
";I find it very nice this memory. And it's mine ! I didn't ask your permission !;我觉得这段回忆很美好 这是我的记忆 我没征求你的同意！
TutoQ44;"Navré, mais c’est mon rôle de veiller au bon déroulement du cycle. Je réquisitionne donc ce Souvenir, c’est pour ton bien, crois moi !
";I am sorry, but this is my role to take care of the good conduct of the cycle, I requisition this memory, it's for you own good, believe me !;我很抱歉，但这是我的职责，我征用这段记忆是为了你好，相信我！
TutoQ44R1;"Je sais reconnaître une arnaque quand j’en vois une… Mais avec ou sans ce truc, je vais réussir, alors garde le si tu y tiens tant !
";I know a scam when i see it... But with or withtout that thing, i will do it, so keep it if it's so meaningful for you !;我一看就知道是骗局...... 但不管有没有那东西，我都会去做，如果对你有意义，就留着吧！
TutoQ45;"C’est là que nos routes se séparent. Je parie que tu en avais assez de m’avoir dans les parages, pas vrai ?
";This is where our road split. I feel like you have enough of me babling like that, am I right ?;这就是我们的分道扬镳之处。我觉得你已经听够我这样喋喋不休了，对吧？
TutoQ46;"En tout cas, ça faisait longtemps qu’une visite n’avait pas été si animé haha !
Essaye de ne pas trop mettre le bazard lors de ton séjour ici.
";But, it's been a long time since a visit have been so animated haha ! Try not to do to much chaos during your journey here.;不过，我已经很久没有这么生动了，哈哈！在这里的旅途中，尽量不要太混乱。
TutoQ46R1;Je vais faire mon p…;I will do what i ca...;我会尽我所能...
TutoQ47;"Je peux savoir ce qu’il se passe ici ?
Oh, je vois… Ne me dit pas que tu fais encore du bénévolat à aider un pauvre bougre sans le moindre potentiel…";What is going on here ? Oh.... I see, you have been doing some volunteering again, helping a poor souls without any potential...;这是怎么回事？Oh.... 我明白了，你又在做志愿者了，帮助那些没有任何潜能的可怜人......
TutoQ47R1;"Attends, c’est de moi qu’il parle là !?
";Wait, are you talking about me ?! ;等等，你是在说我吗？
TutoQ48;"Alors, déjà, non, il a plus de potentiel que le dernier, ne serait-ce qu’un peu ! Et ensuite, j’accomplis ma mission. Tu sais, parler aux âmes perdues, tout ça tout ça…
";First of, no, he has more potential than the last one, even if it's just a little bit ! And second, I do my mission, you know, talk to the lost souls and all that...;首先，不，他比上一个更有潜力，哪怕只是一点点.....！其次，我在完成我的任务，你知道的，和那些迷失的灵魂交谈什么的......
TutoQ48R1;"Vous avez décidé de faire comme si je n’étais pas là, c’est ça !?
";You decide to do as if i was not there ? That's it ?!;你决定当我不存在？就这样？
TutoQ49;"LEUR PARLER !? Après plusieurs milliers d’années tu n’arrives toujours pas à comprendre qu’on doit rester à distance et les observer !? 
On va encore avoir des problèmes…";TALK TO THEM !? After thousand of years  you still do not understand that we must stay distant and observe them !? We will have problem again...;就这样？几千年了，你还不明白 我们必须保持距离，观察他们？我们还会有麻烦的......
TutoQ49R1;Attendez ! Comment ça des milliers d’années !?;Wait ! What do you mean thousand of years  !?;等等 你说 一千年 是什么意思？
TutoQ50;Je suis désolé, je ne voulais pas t’attirer d’ennuis… Mais tu sais comme je suis, c’est plus fort que moi…;I am sorry... I didnt want to bring any trouble...You know how i am, it's stronger than me.;对不起... 我不想给您添麻烦......您知道我的脾气，比我强多了。
TutoQ51;"
Oui, tu as bon coeur, parfois un peu trop si tu veux mon avis.";Yes, you have a good hearth, a little too much if you want my opinion;是的，你的炉灶很好，如果你想听我的意见，那就有点过分了。
TutoQ51R1;Arrêtez de m’ignorer !;Stop ignoring me !;别再无视我了！
TutoQ52;Oh mince ! Désolé que tu aies dû assister à cette scène, jeune âme errante…;Oups, sorry that you had to assist to this scene, young lost soul...;Oups，很抱歉你不得不协助这一幕，迷失的年轻人......
TutoQ53;Tu ne vas quand même pas t’excuser ! C’est une âme errante, alors qu’elle retourne errer ! Du balais !;You will not make excuse to him ! He is a wandering souls, go back to wander ! Get out of the way !;你不能给他找借口！他是个游魂，回去游荡吧！让开！
TutoQ54;J’ai perdu assez de temps avec vous deux, mais la prochaine fois, tu ferais mieux de tenir ta langue, avorton.;I lost enough time with you two, but next time, you should keep your mouth shut, little runt;和你们俩在一起我耽误的时间够多了，不过下次你该闭上嘴巴了，小矮子
TutoQ55;Tu es content ? On va penser que nous n’avons aucun savoir vivre…;Are you happy ? He will think that we have no manners;你高兴了？他会认为我们没有礼貌
TutoQ56;J’y suis peut-être allé un peu fort, je dois l’admettre… Il avait l’air particulièrement simple à énerver celui-là, je sens qu’il va causer des problèmes.;...I was a bit brutal, i must admit...But nontheless, he seems pretty easely to anger... I sense that he will be a problem in the future.;......我必须承认，我是有点粗暴......不过，他似乎很容易生气...... 我觉得他将来会是个麻烦。
CombatE1N1I;Bienvenue à toi mon fils ! Le royaume de notre seigneur te tend les bras, tu peux te reposer à présent !;Welcome my child! You are in the Lord's realm. You may rest in peace here.;欢迎你，我的孩子！你来到了上帝的国度。你可以在此安息
CombatE1N1RJ1;S'il y a un seigneur en ces lieux, je souhaite le rencontrer. Mène moi à ton roi.;Take me to this lord of yours. ;带我去见你的主
CombatE1N1RE1;Notre roi, comme tu l'appelles, est tout autour de nous, même en ton coeur, car il a créé ce paradis !;Can you not feel our Lord's embrace? He is all around us. He is in your own heart. We owe him everything.;你感受不到主的拥抱吗？他就在我们身边 他就在你的心中 我们欠他一切
CombatE1N1RJ2;Il n'y a pas de roi dans mon coeur, tu dois faire erreur, vieil homme.;You must be mistaken, old man. There is no lord in my heart.;你一定弄错了，老头 我心中没有主
CombatE1N1F1;Tu dis vrai, j'ai fait erreur, tu n'étais qu'un païen de plus.;Forgive me Lord for welcoming a Heretic into your hallowed halls. ;主啊，请原谅我把一个异教徒 迎进了您神圣的殿堂
CombatE1N1RJ3;Tes affirmations pourraient avoir des conséquences regrettables, tu devrais surveiller tes paroles.;You refuse our Lord's loving embrace. You will feel his wrath instead.;你拒绝了主爱的怀抱 你将感受到他的愤怒
CombatE1N1F2;Tu refuse l'amour du seigneur ?! Tu recevras donc son chatiment !;You refuse our Lord's loving embrace. You will feel his wrath instead.;你拒绝主爱的拥抱 你将感受到他的愤怒
CombatE1N1RJ4;On m'a dit qu'il fallait traverser cet endroit pour me réincarner, tu comprendras que je n'ai aucune envie de me reposer;I was told that the path back to my world would lead me through here. I cannot stop and rest, I must be on my way.;我被告知回到我的世界的路 会带我穿过这里 我不能停下来休息 我必须上路了
CombatE1N1RE2;C'est l'enfer qui t'attend si tu quittes ce paradis ! Quel imbécile choisirait de quitter un endroit si délicieux ?;It's hell that await you if you leave this paradise ! What fool would leave such a beautiful place ?You would forsake our Lord's paradise for the hellfire and damnation that awaits you outside? Surely you jest.;如果你离开这个天堂，等待你的将是地狱！哪个傻瓜会离开这么美丽的地方？ 你会为了外面等待你的地狱之火和诅咒而放弃主的天堂？你肯定是在开玩笑
CombatE1N1RJ5;Délicieux ? Il pue la chaire calcinée ton paradis.;Paradise? Your hallowed halls reek of burnt flesh.;天堂？你神圣的殿堂散发着烧焦的肉味
CombatE1N1RJ6;J'ai fait plus de guerres que tu n'a de doigts pour les compter, ton enfer ne m'effraie pas, vieil homme.;I've bled and suffered through a hundred wars. A little hellfire won't stop me.;我经历过上百次战争的流血和痛苦 一点地狱之火也阻止不了我
CombatE1N1F3;Si tu tiens tant à souffrir, voici un avant goût de ce qui t'attend.;Who am I to keep you from your suffering. Here is a little taste, as a parting gift.;我有什么资格阻止你受苦呢？这里有一点味道 作为临别礼物
CombatE1N1F4;Préserver la pureté de ce lieu nécessite des sacrifices, tu n'en seras qu'un de plus.;If you won't stay here as a guest. You will rest here as a corpse. Our Lord welcomes your sacrifice.;如果你不愿意留在这里做客 你将在此长眠 我们的主欢迎你的牺牲
CombatE1N2I;Eh toi ! T'as vraiment l'air très fort ! Viens avec nous, on aura plus à avoir peur des autres si tu nous rejoins !;Traveller! That's a big knife. You come with us and we won't be afraid no more. You are our Big Knife Man now.;旅行者 那是把大刀 你跟我们走 我们就再也不怕了 你现在就是我们的大刀侠了
CombatE1N2RJ1;Vous rejoindre ? Qui ca vous ? Et vous êtes combien ? Parce que j'ai pas besoin de boulets, je me débrouille très bien tout seul.;What? There is no us. I work alone. I don't need you runts weighing me down.;什么？没有 我们 我独自行动 我不需要你们这些侏儒来拖累我
CombatE1N2RE1;Maintenant, on est plus que trois, le maitre, ma soeur et moi. Mais tant qu'on reste ensemble on survivra, c'est le maitre qui le dit !;It's just my Master, my sister and I. There were others but… anyway, If we stick together, we will survive. I know this. The Master has spoken it.;只有我师父、我妹妹和我 还有其他人，但... 总之，只要我们团结一致，就能活下去 这我知道 主人已经说过了
CombatE1N2RJ2;En regardant ton maitre, je ne vois ni un homme, ni un protecteur. Alors bonne chance gamine. Maintenant hors de mon chemin;Your Master is neither man nor protector. Run along runt, I have nothing else to say to you. Scram.;你的主人既不是人 也不是保护者 走吧，矮子，我没话跟你说了 滚开
CombatE1N2F1;Je ne suis pas là pour survivre petite, mais pour avancer. Tu ne peux pas me suivre, même avec la meilleure volonté du monde. Retourne auprès de ta soeur.;I'm no tourist or villager. I don't intend to settle here. I go where you cannot follow. Return to your sister.;我不是游客或村民 我不打算在这里定居。我去你跟不上的地方 回到你姐姐身边
CombatE1N2RJ3;Je vais le dire au maître ! Et il va pas être content, ça tu peux en être certain !;Please Big Knife Man, you will make the Master angry. ;大刀客，你这样会惹师父生气的
CombatE1N2F2;Maître maître ! La grosse brute vient de me pousser ! Il doit être puni !;Master, he pushed me! Punish him!;师父，他推我 罚他
CombatE1N2RJ4;Comment ca les autres? Pour moi, vous êtes tous  les autres. Vous m'inspirez aucune confiance;Others? You could join them in whatever twisted afterlife they've found themselves in, I could care less. ;其他人呢？你可以跟他们一起去死 我才不管呢
CombatE1N2RE2;Moi aussi le maître me faisait peur au début tu sais, mais depuis qu'il ma recueillie on forme une grande famille. Tu pourrais y trouver ta place !;The Master can seem scary at first but you just have to let him welcome you. Become a part of our family Big Knife Man.;主人一开始看起来很可怕，但你必须让他欢迎你。成为我们大家庭的一员吧 大刀客
CombatE1N2RJ5;J'ai déjà une famille où se trouve ma place. Tout ce que tu fais c'est m'empêcher d'aller la retrouver;I have a family waiting for me and every second I waste on you keeps me from them.;我有家人在等我 我在你身上浪费的每一秒 都会让我远离他们
CombatE1N2RJ6;S'il est ton maître, vous n'êtes pas une famille, juste des esclaves. Arrête de rêver petite. ;What family has a master? You are nothing but slaves. ;哪个家庭会有主人？你们不过是奴隶
CombatE1N2F3;Si tu refuses de nous rejoindre, c'est que tu es avec les autres. Tu n'es plus le bienvenu.;Big Knife Man, you are evil like the rest. You cannot be a part of our family.;大刀客，你和其他人一样邪恶 你不能成为我们家的一员
CombatE1N2F4;Tu dis n'importe quoi ! Le maître m'aime pour de vrai ! Je te laisserai pas dire ça de lui !;Master loves us. Master loves us truly. You are bad Big Knife Man, you are very bad indeed.;主人爱我们 主人真心爱我们 你很坏 大刀客 你真的很坏
CombatE1N2RJ7;Si tu veux vraiment survivre, tu peux venir avec moi, mais essaye de pas me gener. Par contre, hors de question que le démon derrière toi vienne aussi.;If you brats want to survive you can follow me. That sickening demon of shadow and bone can keep its distance before I slay it.;如果你们这些小鬼想活命，可以跟着我。在我杀死那个令人作呕的骨影恶魔之前，你们最好离它远点。
CombatE1N2RE3;Mais c'est pas un démon, c'est le maître ! Le maître est bon avec nous. Le maître sait ce qu'il nous faut.;Demon? That is our Master. Master is Good. Master is True. Master knows what we need.;恶魔？那是我们的主人 主人是善的 主人是真 主人知道我们需要什么
CombatE1N2RJ8;Je vois que tu possèdes déjà son esprit, asura, Mais ce sera le dernier enfant sur lequel tu auras apposé ta marque !;These are no children. They are mere shells that you speak through. Wretched devil, how many more kids will you consume before you are stopped!;他们不是孩子 他们只是你借以说话的躯壳 可恶的魔鬼 你还要吃掉多少孩子 才能阻止你？
CombatE1N2RJ9;Ecarte toi gamine ! Toi qui souhaite tant survivre, je te conseille de pas interférer.;Stay back brat. If you want to survive, you'll keep out of this.;退后，臭小子 如果你想活命 就别管这事
CombatE1N2F5;Non ! Arrêtez ça ! Ne vous en prenez pas au maître ! JE dois protéger le mai...;No! Master is Good. I will protect Master. Master is True. I will protect Master. ;不 师父是好人 我会保护师父 师父是真 我会保护师父
CombatE1N2F6;Comment oses-tu donner des ordres à mes larbins !? Tu aurais mieux fait d'accepter ma proposition intiiale, étranger !;Tch Tch Tch, you could have been a part of our loving family traveller. Now my children will play with your corpse.;啧啧啧 你本可以成为我们温馨大家庭的一员 旅行者 现在我的孩子们要和你的尸体玩耍了
CombatE1C1I;J'avoue que j'ai été un peu dur avec toi, si on veut vraiment parler de déceptions de la famille, en voila une belle !;And here I thought you were a blight on our family name but look here! It's your son, who has far surpassed you in that regard. What a dissapointment.;我还以为你是我们家族的污点 但看看这里 是你的儿子，他在这方面远远超过了你。真让人失望
CombatE1C1RJ1;Encore une voix que je me serrais bien passé d'entendre à nouveau. Tu aurais dû rester mort, vieillard.;Hearing your voice again is one more time than I needed. You should have stayed dead, you old prune.;再次听到你的声音已经超出了我的需要 你应该死了才对 你这个老顽固
CombatE1C1RE1;Je t'interdis de manquer de respect à ton grand père ! C'est l'un des hommes sans qui notre nom ne vaudrait rien, modère tes paroles !;Stay your tongue whelp! That is your grandfather. You are nothing without his name.;少废话 那是你爷爷 没有他的名字，你什么都不是
CombatE1C1RJ2;HA ! Certes il a mérité le respect, mais parce que tout le monde le craignait, même sa propre famille;His name? I can do without that cursed name. It is nothing but a rag soaked in fear pretending to be a shawl.;他的名字？我可以不要那个被诅咒的名字 它只不过是一块被恐惧浸透的破布 假装是披肩而已
CombatE1C1RJ3;Tu me fais de la peine. Même après  tout ce temps, tu continues de baiser les pieds de ton bourreau;I pity you father. Even now, centuries later, you run to him like a puppy and lick his sordid feet.;我可怜你的父亲 即使在几百年后的今天，你还像小狗一样跑到他身边，舔他肮脏的脚。
CombatE1C1F1;Tu sembles avoir oublié les raisons que tu avais de me craindre. Je vais te rafraichîr la mémoire, petit impertinent.;You forget yourself. Perhaps I need to drown you in the very fear you dismiss so casually.;你忘了自己 也许我需要把你淹没在 你随随便便就能忽视的恐惧中
CombatE1C1F2;Tu fais preuve de bien trop d'insolence en t'adressant à ton père. Je vais devoir te remettre à la place qui est la tienne.;You dare talk to your father like that? I must remind you of what happens to insolent curs who can't heel.;你竟敢这样跟你父亲说话？我得提醒你，傲慢无礼又不听话的人 会有什么下场。
CombatE1C1RJ4;Une déception ? J'aimerais bien savoir qui à tes yeux n'en est pas une, toi qui a tout vu, tout fait, le grand conquérant ! Qui peut satisfaire tes ambitions ?;A disappoinment? Oh great conqueror you are. You made your enemies tremble when you were alive and now they spit on your grave. You built a kingdom on fear and nothing else.;失望吗？你是伟大的征服者 你活着的时候让你的敌人胆战心惊 现在他们却唾弃你的坟墓 你把王国建立在恐惧之上，别无其他。
CombatE1C1RE2;J'espérais que ta descendance relèverais le niveau, mais tu n'as même pas été capable d'avoir un hérétier. Encore une belle façon de t'illustrer.;And whose fault is that? You were supposed to be the greatest of all but here you are, weak and spineless. You couldn't even birth an heir. You aren't worthy of my legacy. ;这是谁的错？你本该是最伟大的人 但你现在却软弱无能 你甚至生不出一个继承人 你不配继承我的遗产
CombatE1C1RJ5;A t'entendre on dirait que ma fille n'a même pas existé. C'est logique:  tu n'as jamais daigné retenir son prénom. Elle n'aurait jamais pu accéder au trône, mais est ce que ça m'a empêcher d'être fier d'elle ? Pas un seul instant.;I birthed a daughter who is worth a thousand of you. She is certainly worth a lot more than me. She is perhaps the first of our accursed name that made me proud of it.;我生的女儿比你强多了 她肯定比我值钱多了 她也许是我们这个被诅咒的姓氏中 第一个让我感到骄傲的人
CombatE1C1RJ6;Même ça tu voulais le contrôler ? Choisir ce que je devais devenir et mon rôle n'a pas suffit ? Aucune de mes actions ne m'appartient, c'est ça ?;I was supposed to be the greatest? Was my fate written before I was born? Even that did you try to control? Were any of my actions and choices my own?;我本该是最伟大的？我的命运在我出生之前就已经注定了吗？就连这也是你想控制的吗？我的任何行为和选择都是我自己的吗？
CombatE1C1F3;Tu es fier d'elle ? Attend de voir ce qu'elle est devenue, tu vas vite ravaler ta fierté, Mais avant ça, ce que tu vas avaler, c'est tes dents !;You're proud of that? You're in for a surprise then. You're even more far gone than I thought and you need to be retrained.;你以此为荣？那你就大吃一惊了 你比我想象的还要堕落 你需要重新接受训练
CombatE1C1F4;Tu avais le choix : cet héritage que tu as échoué à transmettre c'était des centaines d'années d'histoire. Tu as préféré te rebeller. Tes actes t'appartiennent et tu vas faire face à leur conséquences;You are an entitled brat to think that your life was ever just your own. Our forefathers didn't build an empire to last a thousand years for you to come along and dash it to the ground.;你是个有权有势的小鬼，以为你的生活只属于你自己。我们的祖先建立了一个延续千年的帝国 不是为了让你来把它夷为平地的
CombatE1C2I;Eh, guerrier, viens voir ! Dis leur toi, on fait presque le même métier, on est d'accord ?;Ay Warrior, Come here. We're in the same line of work, you and I. Don't you love the smell of blood?;勇士 过来 我们是同行 你不喜欢血腥味吗？
CombatE1C2RJ1;Tu devrais tenir ta langue si tu ne veux pas que je te la coupe. Plus qu'un conseil, c'est un ordre.;Shut your mouth or I'll shut it for you.;闭上你的嘴，不然我让你闭嘴
CombatE1C2RE1;Ah ben vous voyez, lui aussi il aime couper de la viande ! Si tu veux ma langue, vient la chercher, je suis déjà mort, qu'est ce que tu pourrais faire de plus ?;Oh you're so scary. Look at me, I'm shivering. Fuck off. I'm already dead, anything else you do is quite literally overkill.;你真可怕 看着我 我在发抖 滚开 我已经死了 你再做什么都是矫枉过正
CombatE1C2RJ2;Si tu n'a pas appris le respect de ton vivant, et que la mort n'a rien arrangé, autant écourter ton séjour ici. ;Looks like no one taught you respect. You have a foul mouth.;看来没人教你尊重别人 你嘴巴真臭
CombatE1C2RJ3;Même morts, nous ne venons pas de la même caste. Ici comme ailleurs, nous devons garder notre place, et tu sembles avoir oublié celle qui est la tienne.;You forget yourself. You forget your place. We are not the same.;你忘了你自己 你忘了你的位置 我们不一样
CombatE1C2F1;J'ai plié le dos toute ma vie, compte sur moi pour rester fier dans la mort. Viens, guerrier, on va régler ça d'homme à homme.;I spit on your respect and your place. All my life I've bent the knee to people like you. Here, my knife will cut just as deep as yours. Let us settle this, as equals.;我唾弃你的尊重和地位 我一生都在向你这样的人屈膝投降 在这里，我的刀会和你的一样锋利 让我们平等地解决这件事
CombatE1C2F2;Tu aimerais que ce soit le cas, toi qui es né sous une bonne étoile. Mais ici, ce n'est pas en dalits que je me tiens devant toi, mais en homme libre.;You Highborn fool. You who was born with a silver spoon rammed up your arse. In death, we are the same and when I spill your blood, it will bleed red like mine.;你这个天生的傻瓜 你这个一出生就被银汤匙塞满屁股的人 死后我们是一样的 当我让你流血时 你的血也会像我一样鲜红
CombatE1C2RJ4;Comment peux-tu imaginer comparer ce que nous faisons ? ça n'a rien à voir !;We are not the same! And you are a fool to think so.;我们不一样 你这么想就太傻了
CombatE1C2RE2;C'est pourtant simple: on découpe tous les deux de la viande. La seule différence, c'est que tu tranches de la viande vivante et dont personne ne profitera.;We both carry big knives and we cut through flesh. At least I feed people. When have you ever helped someone with that knife of yours?;我们都带着大刀，都能割肉 至少我给人吃的 你什么时候用你的刀帮助过别人？
CombatE1C2RJ5;Cette viande vivante dont tu parles, c'est celle des guerriers entraînés qui attaque notre peuple. Voila pourquoi je fais mon devoir en vous protégeant, bande d'ingrats !;I cut through enemies that would take the land you live on. I'm the reason you even had a chance to live your sorry excuse of a life in peace.;我切开的敌人会夺走你赖以生存的土地 是我让你有机会过上平静的生活
CombatE1C2RJ6;Tu ose comparer ton misérable établi avec la résponsabilité de mener nos soldats à la bataille pour ptogéger vos existences insiginifiantes ? C'en est trop, tu aurais dû réfléchir avant de parler ainsi.;You compare your miserable butchery to the work of a king? Have you led soldiers into battle? Have you had to make decisions that would change the face of the world? You are a gnat, a mosquito, an ant beneath my feet.;你把自己悲惨的屠戮比作国王的工作？你带领士兵上过战场吗？你做出过改变世界面貌的决定吗？你是我脚下的蝼蚁、蚊子、蚂蚁。
CombatE1C2F3;Tu penses que je ne sais pas me défendre ? Allez, viens, je vais te montrer.;Peace? A wretched peace it was. Watching my children starve and get beaten as they walked in the streets while you rot in your palaces. You know nothing outside your walls.;和平？那是可悲的和平。看着我的孩子在街上挨饿挨打，而你们却在自己的宫殿里腐烂。你们对墙外一无所知
CombatE1C2F4;Je dis les choses comme je les pense et je suis prêt à en assumer les conséquences. Je n'ai plus peur de la mort désormais.;I wonder when I slit your mighty throat, if you'll struggle like a fat goat. How the mighty fall.;我想知道当我割断你强大的喉咙时 你是否会像肥羊一样挣扎 强者如何陨落
CombatE1B1I;Halte, âme mortelle ! Par delà cette porte se trouvent les royaumes infernaux et défendus. Rebrousse chemin tant que tu le peux encore !;Halt Mortal. This is the door to the Kingdom of Damnation. Turn back while you still can!;停下，凡人 这是通往诅咒之国的大门 趁你还能回头
CombatE1B1RJ1;Excuse moi gardienne, mais on m'a dit que mon salut et mon devoir étaient de passer au-delà de cette porte, je vais donc te demander de me laisser passer.;Step aside Guardian, my journey takes me through here and I must pass. Let me be.;靠边站 守护者 我的旅程要经过这里 我必须过去 让我过去吧
CombatE1B1RE1;Pauvre innocent ! Tu as été induit en erreur ! Le diable t'a murmuré ses tentations, et toi, brebis égarée, tu l'as cru, te jetant dans la gueule du loup de toi même ! Je ne te laisserais pas te damner ainsi !;Fool! The Devil has seduced you. Do not believe his lies. Turn back while you still can. ;傻瓜 魔鬼引诱了你 不要相信他的谎言 趁你还能回头
CombatE1B1RJ2;J'ignore qui est ce diable dont tu parles, mais je sens en mon âme que la réponse ne se trouve pas ici. Personne ne me manipule, je suis maitre de mon propre destin, et il est derrière toi, gardienne !;All of you with your Devils and Lords can fuck off. I have a duty in the land of the living and if the path to it is behind you then I will not be kept from it. Move or be moved.;你们这些恶魔和领主都可以滚蛋了 我在生者之地有我的职责 如果通往生者之地的路就在你们身后 我不会被阻挡的 要么走，要么被赶走
CombatE1B1RJ3;Je me moque de ton dieu et de ton diable comme d'une guigne ! Si même eux ne peuvent pas m'arrêter, je doute que tu le puisses ! Hors de mon chemin !;Where is this devil? Where is your Lord? I have seen neither. Perhaps they don't exist. Perhaps you should get out of my way.;魔鬼在哪里？你的主在哪里？我都没见过 也许他们根本不存在 也许你该让开
CombatE1B1F1;Le Seigneur m'a conduit de sa mission divine, m'interdisant de laisser les âmes égarées se perdre face au Malin ! Je suis le bras armé du Seigneur et ma mission est irrévocable, dussé-je te forcer à rester ici contre ton gré !;I'm the arm of our Lord. I cannot stand idly by while a soul damns itself.  I shall stop you here, by force if I need to.;我是上帝的臂膀 我不能袖手旁观 看着灵魂自取灭亡 我会在这里阻止你 必要时我会用武力
CombatE1B1F2;Tu oses blasphemer devant moi ?! Je devrais t'envoyer dans les torrents infernaux pour te châtier ! Sois tu sot ou téméraire, je prie pour que le Seigneur soit miséricordieux avec ton âme, car je vais te renvoyer à lui ! ;May the Lord forgive you your blasphemies. I will send your wretched soul to him right now.  ;愿上帝宽恕你的亵渎。我现在就把你可悲的灵魂送去见他
CombatE1B1RJ4;Ton enfer ne me fait pas peur rien ne pourra être pire que les batailles que j'ai affronté. Ecarte toi, je suis déja prêt.;I've been through enough hell when I was alive. What's a little more? How hard can it be?;我活着的时候经历的地狱够多了 再多一点又如何？能有多难？
CombatE1B1RE2;Ton ignorance n'est que malice, tu ne sais rien des combats que nous avons mené ! Nous nous sommes battus sans relâche pour faire de cet endroit ce qu'il est aujourd'hui, à la gloire du Seigneur ! Je ne te laisserais pas passer !;You are ignorant. You are foolish. Our Lord have mercy on your soul. I will not let you pass little lamb. We have worked far too hard to make this place the way it is now. ;你太无知了 你太愚蠢了 愿主怜悯你的灵魂 我不会让你通过的 小羔羊 我们付出了太多的努力 才让这里变成现在这个样子
CombatE1B1RJ5;Mais bon sang, pourquoi ?! Passer ou rester ne concerne que moi ! Je ne vous laisserais pas m'empecher d'accéder à ma nouvelle vie !;If you do not let me continue my journey then I will have to treat you as an obstacle and hurdle. If you're in my way, you will be destroyed.;如果你不让我继续我的旅程 那我就只能把你当成障碍和绊脚石了 如果你挡了我的路，你就会被毁灭。
CombatE1B1RJ6;Attendez, n'est-ce pas ici le domaine des dieux, infini, immuable et éternel ? Avez vous osé l'altérer ? Pourquoi ?!;You worked hard to make God's paradise the way it is now? Was your Lord too weak and stupid to do it himself?;你辛辛苦苦把上帝的乐园变成了现在这个样子？难道你的主太软弱、太愚蠢，不能亲自动手吗？
CombatE1B1F3;Si tu venais à descendre, tu disparaitrais et ton âme enfournée les renforcerait encore plus, que tu le veuilles ou non ! Ignorance ou Inconscience ne sont point vertu, je garderais cette voie ! Seigneur guidez ma lame, et qu'il disparaisse de ma vue !;I tried to reason with you but you are beyond help. Your blasphemies have rendered you beyond saving. You are worth nothing as you are, maybe your sacrifice will redeem you in some way. Lord, guide my blade as I send you another offering.;我试着跟你讲道理，但你已经无能为力了。你的亵渎已经让你无可救药。你现在一文不值 也许你的牺牲能让你得到救赎 主啊，请指引我的刀锋，让我为你献上另一份祭品。
CombatE1B1F4;Ignorant ! Cet endroit était un champ de ruine avant ! Nous nous sommes battus pour ce sol sacré et avons restauré la présence de Dieu en ces lieux ! A présent, Seigneur guidez ma lame, aidez moi à protéger ce qui est votre !;You know not what you have said or who you have insulted. You are worth nothing as you are. O Lord, guide my blade as I send you another offering.;你不知道自己说了什么，也不知道自己侮辱了谁。你一文不值。主啊，请指引我的刀锋，我将为你献上另一份祭品。
